Workbook

Sheet Sheet1
A1: STT | B1: MA_KHANG | C1: TEN_KHANG | D1: DCHI_KHANG | E1: MA_SOGCS | F1: DANH SỐ | G1: THANG | H1: TIỀN NỢ | I1: DTHOAI_DVU | J1: SO_TBI | K1: GHI CHU | L1: NHÓM | M1: ID_HDON | O1: MA_DVIQLY | P1: ID_HDON | Q1: MA_KHANG | R1: MA_KHTT | S1: TEN_KHANG | T1: TEN_KHTT | U1: DCHI_KHANG | V1: DCHI_KHTT | W1: LOAI_KHANG | X1: MANHOM_KHANG | Y1: NAM | Z1: THANG | AA1: KY | AB1: TIEN_PSINH | AC1: THUE_PSINH | AD1: TIEN_VC | AE1: THUE_VC | AF1: MA_PTTT | AG1: MA_TO | AH1: MA_SOGCS | AI1: MA_KVUC | AJ1: STT_TRANG | AK1: STT | AL1: TTHAI_NO_HTAI | AM1: TTRANG_SSAI | AN1: TTHAI_GIAO | AO1: LAN_GIAO | AP1: HTHUC_TTOAN | AQ1: LOAI_TBAO | AR1: CHUYEN_DVQLY | AS1: NGAY_PHANH | AT1: SO_SERY | AU1: KIHIEU_SERY | AV1: MA_DVU_TTOAN | AW1: ID_SORT | AX1: DTHOAI_DVU | AY1: SO_TBI | AZ1: THANG NO | BA1: TIEN NO | BB1: GHI CHU
A2: =SUBTOTAL(103,$L$2:L2) -> 1 | B2: PB15020064186 | C2: BAN QUẢN LÝ DỰ ÁN ĐẦU TƯ XÂY DỰNG KHU VỰC BÀ RỊA (ĐĐ Trần Đại Nghĩa) | D2: ĐĐ Trần Đại Nghĩa & MN Kim Dinh, Phường Long Hương, Thành phố Hồ Chí Minh, Việt Nam | E2: B1BDTD1ZA | F2: -21586 | G2: 6 | H2: 1622754 | I2: 0846313484 | J2: 09N20202014017230 | L2: Phạm Trần thanh Tâm | M2: 1596860052 | N2: =IF(COUNTIF($B$2:B2,B2)=1,1,0) -> 1 | O2: PE1800 | P2: 1596860052 | Q2: PB15020064186 | R2: PB15020012733 | S2: BAN QUẢN LÝ DỰ ÁN ĐẦU TƯ XÂY DỰNG KHU VỰC BÀ RỊA (ĐĐ Trần Đại Nghĩa) | T2: BAN QUẢN LÝ DỰ ÁN ĐẦU TƯ XÂY DỰNG KHU VỰC BÀ RỊA (Đ.Cổng Chào Bà Rịa) | U2: ĐĐ Trần Đại Nghĩa & MN Kim Dinh, Phường Long Hương, Thành phố Hồ Chí Minh, Việt Nam | V2: Số 138 Đường 27/4 Phường Bà Rịa, thành phố Hồ Chí Minh | W2: 1 | X2: HC03 | Y2: 2026 | Z2: 6 | AA2: 1 | AB2: 1502550 | AC2: 120204 | AD2: 0 | AE2: 0 | AF2: TM | AG2: null | AH2: B1BDTD1ZA | AJ2: 0 | AK2: 021586 | AL2: 0 | AM2: 0 | AN2: 0 | AO2: 0 | AP2: QN | AQ2: 0 | AR2: 0 | AS2: 02/07/26 | AT2: 1555096 | AU2: K26TDA | AV2: 0 | AW2: 3854 | AX2: 0846313484 | AY2: 09N20202014017230 | AZ2: 1-6/2026 | BA2: 1622754 | BB2: CON NO | BC2: =RIGHT(AK2,5) -> 21586 | BD2: =AI2&"-"&BC2 -> -21586
A3: =SUBTOTAL(103,$L$2:L3) -> 2 | B3: PB15020064186 | C3: BAN QUẢN LÝ DỰ ÁN ĐẦU TƯ XÂY DỰNG KHU VỰC BÀ RỊA (ĐĐ Trần Đại Nghĩa) | D3: ĐĐ Trần Đại Nghĩa & MN Kim Dinh, Phường Long Hương, Thành phố Hồ Chí Minh, Việt Nam | E3: B1BDTD1ZA | F3: -21586 | G3: 7 | H3: 1771807 | I3: 0846313484 | J3: 09N20202014017230 | L3: Phạm Trần thanh Tâm | M3: 1599800300 | N3: =IF(COUNTIF($B$2:B3,B3)=1,1,0) -> 0 | O3: PE1800 | P3: 1599800300 | Q3: PB15020064186 | R3: PB15020012733 | S3: BAN QUẢN LÝ DỰ ÁN ĐẦU TƯ XÂY DỰNG KHU VỰC BÀ RỊA (ĐĐ Trần Đại Nghĩa) | T3: TRUNG TÂM QUẢN LÝ GIAO THÔNG VÀ HẠ TẦNG KỸ THUẬT THÀNH PHỐ HỒ CHÍ MINH | U3: ĐĐ Trần Đại Nghĩa & MN Kim Dinh, Phường Long Hương, Thành phố Hồ Chí Minh, Việt Nam | V3: Số 360 đường Võ Nguyên Giáp, phường Phước Long, Thành phố Hồ Chí Minh, Việt Nam. | W3: 1 | X3: HC03 | Y3: 2026 | Z3: 7 | AA3: 1 | AB3: 1640562 | AC3: 131245 | AD3: 0 | AE3: 0 | AF3: TM | AG3: null | AH3: B1BDTD1ZA | AJ3: 0 | AK3: 021586 | AL3: 0 | AM3: 0 | AN3: 0 | AO3: 0 | AP3: QN | AQ3: 0 | AR3: 0 | AS3: 02/08/26 | AT3: 1792446 | AU3: K26TDA | AV3: 0 | AW3: 5857 | AX3: 0846313484 | AY3: 09N20202014017230 | AZ3: 1-7/2026 | BA3: 1771807 | BB3: CON NO | BC3: =RIGHT(AK3,5) -> 21586 | BD3: =AI3&"-"&BC3 -> -21586
A4: =SUBTOTAL(103,$L$2:L4) -> 3 | B4: PB15020079378 | C4: Lê Thị Võ | D4: 104 Hai Bà Trưng , Phường Bà Rịa, Thành phố Hồ Chí Minh | E4: B1BDCA4ZA | F4: -19070 | G4: 8 | H4: 4418600 | I4: 0972773839 | J4: 0 | K4: C | L4: Đỗ Hiếu Lễ | M4: 1555553559 | N4: =IF(COUNTIF($B$2:B4,B4)=1,1,0) -> 1 | O4: PE1800 | P4: 1555553559 | Q4: PB15020079378 | R4: PB15020079378 | S4: Lê Thị Võ | T4: Lê Thị Võ | U4: 104 Hai Bà Trưng , Phường Bà Rịa, Thành phố Hồ Chí Minh | V4: 104 Hai Bà Trưng Phường Bà Rịa, Thành phố Hồ Chí Minh | W4: 1 | X4: KHBT | Y4: 2025 | Z4: 8 | AA4: 1 | AB4: 4091296 | AC4: 327304 | AD4: 0 | AE4: 0 | AF4: TM | AG4: 01 | AH4: B1BDCA4ZA | AJ4: 0 | AK4: 19070 | AL4: 1 | AM4: 0 | AN4: 0 | AO4: 0 | AP4: NH | AQ4: 0 | AR4: 0 | AS4: 04/09/25 | AT4: 1157771 | AU4: K25TDA | AV4: 0 | AW4: 169 | AX4: 0972773839 | AZ4: 1-8/2025 | BA4: 4418600 | BB4: CON NO | BC4: =RIGHT(AK4,5) -> 19070 | BD4: =AI4&"-"&BC4 -> -19070
A5: =SUBTOTAL(103,$L$2:L5) -> 4 | B5: PE18000000285 | C5: VŨ TIẾN LƯƠNG | D5: Đường Phan Văn Trị, KP Kim Sơn, phường Long Hương, thành phố Hồ Chí Minh | E5: B1BACA2ZA | F5: -16315 | G5: 7 | H5: 2056417 | I5: 0357531747 | J5: 47M202525415303 | L5: Nguyễn Ngọc Kỳ | M5: 1601131296 | N5: =IF(COUNTIF($B$2:B5,B5)=1,1,0) -> 1 | O5: PE1800 | P5: 1601131296 | Q5: PE18000000285 | R5: PE18000000285 | S5: VŨ TIẾN LƯƠNG | T5: VŨ TIẾN LƯƠNG | U5: Đường Phan Văn Trị, KP Kim Sơn, phường Long Hương, thành phố Hồ Chí Minh | V5: Đường Phan Văn Trị, KP Kim Sơn, phường Long Hương, thành phố Hồ Chí Minh | W5: 1 | X5: SXCN | Y5: 2026 | Z5: 7 | AA5: 1 | AB5: 1904090 | AC5: 152327 | AD5: 0 | AE5: 0 | AF5: DT | AG5: PB1502 | AH5: B1BACA2ZA | AJ5: 0 | AK5: 016315 | AL5: 0 | AM5: 0 | AN5: 0 | AO5: 0 | AP5: NH | AQ5: 0 | AR5: 0 | AS5: 02/08/26 | AT5: 1784716 | AU5: K26TDA | AV5: 0 | AW5: 20434 | AX5: 0357531747 | AY5: 47M202525415303 | AZ5: 1-7/2026 | BA5: 2056417 | BB5: CON NO | BC5: =RIGHT(AK5,5) -> 16315 | BD5: =AI5&"-"&BC5 -> -16315
A6: =SUBTOTAL(103,$L$2:L6) -> 5 | B6: PB15020063459 | C6: Chu Anh Khoa | D6: Tổ 14, Kp. Hương Điền, Phường Long Hương, Thành phố Hồ Chí Minh | E6: B1BCLA3ZA | F6: -15620 | G6: 8 | H6: 160272 | I6: 0 | J6: 0 | L6: Nguyễn Ngọc Kỳ | M6: 1551577353 | N6: =IF(COUNTIF($B$2:B6,B6)=1,1,0) -> 1 | O6: PE1800 | P6: 1551577353 | Q6: PB15020063459 | R6: PB15020063459 | S6: Chu Anh Khoa | T6: Chu Anh Khoa | U6: Tổ 14, Kp. Hương Điền, Phường Long Hương, Thành phố Hồ Chí Minh | V6: Tổ 14, Kp. Hương Điền, P. Long Hương, TP.BR | W6: 0 | X6: KHBT | Y6: 2025 | Z6: 8 | AA6: 1 | AB6: 148400 | AC6: 11872 | AD6: 0 | AE6: 0 | AF6: UC | AG6: 01 | AH6: B1BCLA3ZA | AJ6: 0 | AK6: 15620 | AL6: 1 | AM6: 0 | AN6: 0 | AO6: 0 | AP6: NH | AQ6: 0 | AR6: 0 | AS6: 02/09/25 | AT6: 975397 | AU6: K25TDA | AV6: 0 | AW6: 97 | AZ6: 1-8/2025 | BA6: 160272 | BB6: CON NO | BC6: =RIGHT(AK6,5) -> 15620 | BD6: =AI6&"-"&BC6 -> -15620
A7: =SUBTOTAL(103,$L$2:L7) -> 6 | B7: PB15020050471 | C7: Nguyễn Văn Hoa | D7: Lê Hữu Trác - Long Tâm, Phường Bà Rịa, Thành phố Hồ Chí Minh | E7: B1BIYA1ZA | F7: -12350 | G7: 7 | H7: 1855505 | I7: 0589145561 | J7: T0320161611679602 | L7: Đỗ Thị Diễm Trang | M7: 1548999464 | N7: =IF(COUNTIF($B$2:B7,B7)=1,1,0) -> 1 | O7: PE1800 | P7: 1548999464 | Q7: PB15020050471 | R7: PB15020050471 | S7: Nguyễn Văn Hoa | T7: Nguyễn Văn Hoa | U7: Lê Hữu Trác - Long Tâm, Phường Bà Rịa, Thành phố Hồ Chí Minh | V7: Lê Hữu Trác - Long Tâm | W7: 0 | X7: KHBT | Y7: 2025 | Z7: 7 | AA7: 1 | AB7: 1718060 | AC7: 137445 | AD7: 0 | AE7: 0 | AF7: BL | AG7: PB1502 | AH7: B1BIYA1ZA | AJ7: 0 | AK7: 12350 | AL7: 1 | AM7: 0 | AN7: 0 | AO7: 0 | AP7: BL | AQ7: 0 | AR7: 0 | AS7: 02/08/25 | AT7: 791872 | AU7: K25TDA | AV7: 0 | AW7: 26 | AX7: 0589145561 | AY7: T0320161611679602 | AZ7: 1-7/2025 | BA7: 1855505 | BB7: CON NO | BC7: =RIGHT(AK7,5) -> 12350 | BD7: =AI7&"-"&BC7 -> -12350
A8: =SUBTOTAL(103,$L$2:L8) -> 7 | B8: PB15020050471 | C8: Nguyễn Văn Hoa | D8: Lê Hữu Trác - Long Tâm, Phường Bà Rịa, Thành phố Hồ Chí Minh | E8: B1BIYA1ZA | F8: -12350 | G8: 8 | H8: 366919 | I8: 0589145561 | J8: T0320161611679602 | L8: Đỗ Thị Diễm Trang | M8: 1552239320 | N8: =IF(COUNTIF($B$2:B8,B8)=1,1,0) -> 0 | O8: PE1800 | P8: 1552239320 | Q8: PB15020050471 | R8: PB15020050471 | S8: Nguyễn Văn Hoa | T8: Nguyễn Văn Hoa | U8: Lê Hữu Trác - Long Tâm, Phường Bà Rịa, Thành phố Hồ Chí Minh | V8: Lê Hữu Trác - Long Tâm | W8: 0 | X8: KHBT | Y8: 2025 | Z8: 8 | AA8: 1 | AB8: 339740 | AC8: 27179 | AD8: 0 | AE8: 0 | AF8: BL | AG8: PB1502 | AH8: B1BIYA1ZA | AJ8: 0 | AK8: 12350 | AL8: 1 | AM8: 0 | AN8: 0 | AO8: 0 | AP8: BL | AQ8: 0 | AR8: 0 | AS8: 02/09/25 | AT8: 976423 | AU8: K25TDA | AV8: 0 | AW8: 102 | AX8: 0589145561 | AY8: T0320161611679602 | AZ8: 1-8/2025 | BA8: 366919 | BB8: CON NO | BC8: =RIGHT(AK8,5) -> 12350 | BD8: =AI8&"-"&BC8 -> -12350
A9: =SUBTOTAL(103,$L$2:L9) -> 8 | B9: PB15020070605 | C9: Trần Thúy Ngân | D9: Tổ 13, Hương Điền, Phường Long Hương, Thành phố Hồ Chí Minh | E9: B1BCNA1ZA | F9: -10500 | G9: 8 | H9: 115882 | I9: 0388701837 | J9: 0 | L9: Nguyễn Ngọc Kỳ | M9: 1555512206 | N9: =IF(COUNTIF($B$2:B9,B9)=1,1,0) -> 1 | O9: PE1800 | P9: 1555512206 | Q9: PB15020070605 | R9: PB15020070605 | S9: Trần Thúy Ngân | T9: Trần Thúy Ngân | U9: Tổ 13, Hương Điền, Phường Long Hương, Thành phố Hồ Chí Minh | V9: Tổ 13, Hương Điền, Phường Long Hương, Thành phố Hồ Chí Minh, Việt Nam | W9: 1 | X9: KHBT | Y9: 2025 | Z9: 8 | AA9: 1 | AB9: 107298 | AC9: 8584 | AD9: 0 | AE9: 0 | AF9: TM | AG9: 01 | AH9: B1BCNA1ZA | AJ9: 0 | AK9: 10500 | AL9: 1 | AM9: 0 | AN9: 0 | AO9: 0 | AP9: NH | AQ9: 0 | AR9: 0 | AS9: 04/09/25 | AT9: 1157635 | AU9: K25TDA | AV9: 0 | AW9: 153 | AX9: 0388701837 | AZ9: 1-8/2025 | BA9: 115882 | BB9: CON NO | BC9: =RIGHT(AK9,5) -> 10500 | BD9: =AI9&"-"&BC9 -> -10500
A10: =SUBTOTAL(103,$L$2:L10) -> 9 | B10: PB15020059403 | C10: Nguyễn Văn Dũng | D10: Tổ 9, KP1, Phường Tam Long, Thành phố Hồ Chí Minh | E10: B1BIBA1ZA | F10: -10000 | G10: 8 | H10: 526681 | I10: 0916971369 | J10: T0320161611092294 | L10: Đỗ Thị Diễm Trang | M10: 1555539144 | N10: =IF(COUNTIF($B$2:B10,B10)=1,1,0) -> 1 | O10: PE1800 | P10: 1555539144 | Q10: PB15020059403 | R10: PB15020059403 | S10: Nguyễn Văn Dũng | T10: Nguyễn Văn Dũng | U10: Tổ 9, KP1, Phường Tam Long, Thành phố Hồ Chí Minh | V10: Tổ 9 KP1, Phường Long Tâm | W10: 0 | X10: KHBT | Y10: 2025 | Z10: 8 | AA10: 1 | AB10: 487668 | AC10: 39013 | AD10: 0 | AE10: 0 | AF10: TM | AG10: 01 | AH10: B1BIBA1ZA | AJ10: 0 | AK10: 10000 | AL10: 1 | AM10: 0 | AN10: 0 | AO10: 0 | AP10: NH | AQ10: 0 | AR10: 0 | AS10: 04/09/25 | AT10: 1161043 | AU10: K25TDA | AV10: 0 | AW10: 156 | AX10: 0916971369 | AY10: T0320161611092294 | AZ10: 1-8/2025 | BA10: 526681 | BB10: CON NO | BC10: =RIGHT(AK10,5) -> 10000 | BD10: =AI10&"-"&BC10 -> -10000
A11: =SUBTOTAL(103,$L$2:L11) -> 10 | B11: PB15020005360 | C11: BAN QUẢN LÝ DỰ ÁN ĐẦU TƯ XÂY DỰNG KHU VỰC BÀ RỊA (ĐĐ.TTTM-BR3) | D11: Trung tâm Thương Mại Bà Rịa, Phường Bà Rịa, Thành phố Hồ Chí Minh, Việt Nam | E11: B1BDTA1ZA | F11: -07430 | G11: 6 | H11: 7676227 | I11: 0985971725 | J11: 47M202525409710 | L11: Phạm Trần thanh Tâm | M11: 1596601661 | N11: =IF(COUNTIF($B$2:B11,B11)=1,1,0) -> 1 | O11: PE1800 | P11: 1596601661 | Q11: PB15020005360 | R11: PB15020012733 | S11: BAN QUẢN LÝ DỰ ÁN ĐẦU TƯ XÂY DỰNG KHU VỰC BÀ RỊA (ĐĐ.TTTM-BR3) | T11: BAN QUẢN LÝ DỰ ÁN ĐẦU TƯ XÂY DỰNG KHU VỰC BÀ RỊA (Đ.Cổng Chào Bà Rịa) | U11: Trung tâm Thương Mại Bà Rịa, Phường Bà Rịa, Thành phố Hồ Chí Minh, Việt Nam | V11: Số 138 Đường 27/4 Phường Bà Rịa, thành phố Hồ Chí Minh | W11: 1 | X11: HC03 | Y11: 2026 | Z11: 6 | AA11: 1 | AB11: 7107618 | AC11: 568609 | AD11: 0 | AE11: 0 | AF11: UC | AG11: null | AH11: B1BDTA1ZA | AJ11: 0 | AK11: 007430 | AL11: 0 | AM11: 0 | AN11: 0 | AO11: 0 | AP11: NH | AQ11: 0 | AR11: 0 | AS11: 02/07/26 | AT11: 1554881 | AU11: K26TDA | AV11: 0 | AW11: 3724 | AX11: 0985971725 | AY11: 47M202525409710 | AZ11: 1-6/2026 | BA11: 7676227 | BB11: CON NO | BC11: =RIGHT(AK11,5) -> 07430 | BD11: =AI11&"-"&BC11 -> -07430
A12: =SUBTOTAL(103,$L$2:L12) -> 11 | B12: PB15020005360 | C12: TRUNG TÂM QUẢN LÝ GIAO THÔNG VÀ HẠ TẦNG KỸ THUẬT THÀNH PHỐ HỒ CHÍ MINH | D12: Trung tâm Thương Mại Bà Rịa, Phường Bà Rịa, Thành phố Hồ Chí Minh, Việt Nam | E12: B1BDTA1ZA | F12: -07430 | G12: 7 | H12: 8284460 | I12: 0985971725 | J12: 47M202525409710 | L12: Phạm Trần thanh Tâm | M12: 1599797583 | N12: =IF(COUNTIF($B$2:B12,B12)=1,1,0) -> 0 | O12: PE1800 | P12: 1599797583 | Q12: PB15020005360 | R12: PB15020005360 | S12: TRUNG TÂM QUẢN LÝ GIAO THÔNG VÀ HẠ TẦNG KỸ THUẬT THÀNH PHỐ HỒ CHÍ MINH | T12: TRUNG TÂM QUẢN LÝ GIAO THÔNG VÀ HẠ TẦNG KỸ THUẬT THÀNH PHỐ HỒ CHÍ MINH | U12: Trung tâm Thương Mại Bà Rịa, Phường Bà Rịa, Thành phố Hồ Chí Minh, Việt Nam | V12: Số 360 đường Võ Nguyên Giáp, phường Phước Long, Thành phố Hồ Chí Minh. | W12: 1 | X12: KHNS | Y12: 2026 | Z12: 7 | AA12: 1 | AB12: 7670796 | AC12: 613664 | AD12: 0 | AE12: 0 | AF12: UC | AG12: 48 | AH12: B1BDTA1ZA | AJ12: 0 | AK12: 007430 | AL12: 0 | AM12: 0 | AN12: 0 | AO12: 0 | AP12: NH | AQ12: 0 | AR12: 0 | AS12: 02/08/26 | AT12: 1792230 | AU12: K26TDA | AV12: 0 | AW12: 5463 | AX12: 0985971725 | AY12: 47M202525409710 | AZ12: 1-7/2026 | BA12: 8284460 | BB12: CON NO | BC12: =RIGHT(AK12,5) -> 07430 | BD12: =AI12&"-"&BC12 -> -07430
A13: =SUBTOTAL(103,$L$2:L13) -> 12 | B13: PB15020081500 | C13: Nguyễn Thị Kim Phượng | D13: Tổ 8, KP4, Phường Bà Rịa, Thành phố Hồ Chí Minh | E13: B1BEPA1ZA | F13: -07140 | G13: 7 | H13: 827604 | I13: 0793630458 | J13: 0 | L13: Bùi Thanh Dũng | M13: 1550528593 | N13: =IF(COUNTIF($B$2:B13,B13)=1,1,0) -> 1 | O13: PE1800 | P13: 1550528593 | Q13: PB15020081500 | R13: PB15020081500 | S13: Nguyễn Thị Kim Phượng | T13: Nguyễn Thị Kim Phượng | U13: Tổ 8, KP4, Phường Bà Rịa, Thành phố Hồ Chí Minh | V13: Tổ 8 , KP4, Phường Phước Trung, TP Bà Rịa | W13: 0 | X13: KHBT | Y13: 2025 | Z13: 7 | AA13: 1 | AB13: 766300 | AC13: 61304 | AD13: 0 | AE13: 0 | AF13: TM | AG13: PB1502 | AH13: B1BEPA1ZA | AJ13: 0 | AK13: 07140 | AL13: 1 | AM13: 0 | AN13: 0 | AO13: 0 | AP13: NH | AQ13: 0 | AR13: 0 | AS13: 02/08/25 | AT13: 863442 | AU13: K25TDA | AV13: 0 | AW13: 28 | AX13: 0793630458 | AZ13: 1-7/2025 | BA13: 827604 | BB13: CON NO | BC13: =RIGHT(AK13,5) -> 07140 | BD13: =AI13&"-"&BC13 -> -07140
A14: =SUBTOTAL(103,$L$2:L14) -> 13 | B14: PB15020011159 | C14: Hồ Thị Bông | D14: Ấp Bắc 2 - Hoà Long, Phường Tam Long, Thành phố Hồ Chí Minh | E14: B1BMEA1ZA | F14: -06400 | G14: 8 | H14: 294948 | I14: 0933197073 | J14: T0320161611242134 | L14: Đỗ Thị Diễm Trang | M14: 1555378616 | N14: =IF(COUNTIF($B$2:B14,B14)=1,1,0) -> 1 | O14: PE1800 | P14: 1555378616 | Q14: PB15020011159 | R14: PB15020011159 | S14: Hồ Thị Bông | T14: Hồ Thị Bông | U14: Ấp Bắc 2 - Hoà Long, Phường Tam Long, Thành phố Hồ Chí Minh | V14: Ấp Bắc 2 - Hoà Long | W14: 0 | X14: KHBT | Y14: 2025 | Z14: 8 | AA14: 1 | AB14: 273100 | AC14: 21848 | AD14: 0 | AE14: 0 | AF14: TM | AG14: 01 | AH14: B1BMEA1ZA | AJ14: 0 | AK14: 06400 | AL14: 1 | AM14: 0 | AN14: 0 | AO14: 0 | AP14: NH | AQ14: 0 | AR14: 0 | AS14: 03/09/25 | AT14: 1091331 | AU14: K25TDA | AV14: 0 | AW14: 120 | AX14: 0933197073 | AY14: T0320161611242134 | AZ14: 1-8/2025 | BA14: 294948 | BB14: CON NO | BC14: =RIGHT(AK14,5) -> 06400 | BD14: =AI14&"-"&BC14 -> -06400
A15: =SUBTOTAL(103,$L$2:L15) -> 14 | B15: PB15020009335 | C15: Vũ Thị Quốc Doanh | D15: Khu 5 - Phước Hưng, Phường Long Hương, Thành phố Hồ Chí Minh | E15: B1BTEA1ZA | F15: -06020 | G15: 8 | H15: 420898 | I15: 0961616849 | J15: T0320161611722233 | L15: Nguyễn Ngọc Kỳ | M15: 1555540691 | N15: =IF(COUNTIF($B$2:B15,B15)=1,1,0) -> 1 | O15: PE1800 | P15: 1555540691 | Q15: PB15020009335 | R15: PB15020009335 | S15: Vũ Thị Quốc Doanh | T15: Vũ Thị Quốc Doanh | U15: Khu 5 - Phước Hưng, Phường Long Hương, Thành phố Hồ Chí Minh | V15: Khu 5 - Phước Hưng | W15: 0 | X15: NDAN | Y15: 2025 | Z15: 8 | AA15: 1 | AB15: 389720 | AC15: 31178 | AD15: 0 | AE15: 0 | AF15: TM | AG15: 01 | AH15: B1BTEA1ZA | AJ15: 0 | AK15: 06020 | AL15: 1 | AM15: 0 | AN15: 0 | AO15: 0 | AP15: BL | AQ15: 0 | AR15: 0 | AS15: 04/09/25 | AT15: 1163452 | AU15: K25TDA | AV15: 0 | AW15: 157 | AX15: 0961616849 | AY15: T0320161611722233 | AZ15: 1-8/2025 | BA15: 420898 | BB15: CON NO | BC15: =RIGHT(AK15,5) -> 06020 | BD15: =AI15&"-"&BC15 -> -06020
A16: =SUBTOTAL(103,$L$2:L16) -> 15 | B16: PB15020052032 | C16: Hợp Tác Xã Hòa Thành | D16: Hòa Long, Phường Tam Long, Thành phố Hồ Chí Minh, Việt Nam | E16: B1BLOA1ZA | F16: -05000 | G16: 7 | H16: 199574 | I16: 0913459057 | J16: 0 | L16: Đỗ Thị Diễm Trang | M16: 1547919274 | N16: =IF(COUNTIF($B$2:B16,B16)=1,1,0) -> 1 | O16: PE1800 | P16: 1547919274 | Q16: PB15020052032 | R16: PB15020052032 | S16: Hợp Tác Xã Hòa Thành | T16: Hợp Tác Xã Hòa Thành | U16: Hòa Long, Phường Tam Long, Thành phố Hồ Chí Minh, Việt Nam | V16: Ấp Nam, Xã Hòa Long, Thành phố Bà Rịa | W16: 1 | X16: CQTC | Y16: 2025 | Z16: 7 | AA16: 1 | AB16: 184791 | AC16: 14783 | AD16: 0 | AE16: 0 | AF16: TM | AG16: PB1502 | AH16: B1BLOA1ZA | AJ16: 0 | AK16: 05000 | AL16: 1 | AM16: 0 | AN16: 0 | AO16: 0 | AP16: NH | AQ16: 0 | AR16: 0 | AS16: 02/08/25 | AT16: 775390 | AU16: K25TDA | AV16: 0 | AW16: 18 | AX16: 0913459057 | AZ16: 1-7/2025 | BA16: 199574 | BB16: CON NO | BC16: =RIGHT(AK16,5) -> 05000 | BD16: =AI16&"-"&BC16 -> -05000
A17: =SUBTOTAL(103,$L$2:L17) -> 16 | B17: PB15020055077 | C17: Trần Thị Ngọc Hà | D17: Ấp Bắc, Phường Tam Long, Thành phố Hồ Chí Minh | E17: B1BMMA1ZA | F17: -04720 | G17: 7 | H17: 1088100 | I17: 0908047008 | J17: T032021211100008452 | L17: Đỗ Thị Diễm Trang | M17: 1547920375 | N17: =IF(COUNTIF($B$2:B17,B17)=1,1,0) -> 1 | O17: PE1800 | P17: 1547920375 | Q17: PB15020055077 | R17: PB15020055077 | S17: Trần Thị Ngọc Hà | T17: Trần Thị Ngọc Hà | U17: Ấp Bắc, Phường Tam Long, Thành phố Hồ Chí Minh | V17: Ấp Bắc xã Hoà Long-TP.BR | W17: 0 | X17: KHBT | Y17: 2025 | Z17: 7 | AA17: 1 | AB17: 1007500 | AC17: 80600 | AD17: 0 | AE17: 0 | AF17: TM | AG17: 01 | AH17: B1BMMA1ZA | AJ17: 0 | AK17: 04720 | AL17: 1 | AM17: 0 | AN17: 0 | AO17: 0 | AP17: BL | AQ17: 0 | AR17: 0 | AS17: 02/08/25 | AT17: 776918 | AU17: K25TDA | AV17: 0 | AW17: 19 | AX17: 0908047008 | AY17: T032021211100008452 | AZ17: 1-7/2025 | BA17: 1088100 | BB17: CON NO | BC17: =RIGHT(AK17,5) -> 04720 | BD17: =AI17&"-"&BC17 -> -04720
A18: =SUBTOTAL(103,$L$2:L18) -> 17 | B18: PB15020063659 | C18: BAN QUẢN LÝ DỰ ÁN ĐẦU TƯ XÂY DỰNG KHU VỰC BÀ RỊA (Hoa viên TTHC tỉnh) | D18: phường Bà Rịa, Thành Phố Hồ Chí Minh | E18: B1BDDA1ZA | F18: -03001 | G18: 6 | H18: 2694974 | I18: 0909295840 | J18: 05N202525700324 | L18: Phạm Trần thanh Tâm | M18: 1596600646 | N18: =IF(COUNTIF($B$2:B18,B18)=1,1,0) -> 1 | O18: PE1800 | P18: 1596600646 | Q18: PB15020063659 | R18: PB15020012733 | S18: BAN QUẢN LÝ DỰ ÁN ĐẦU TƯ XÂY DỰNG KHU VỰC BÀ RỊA (Hoa viên TTHC tỉnh) | T18: BAN QUẢN LÝ DỰ ÁN ĐẦU TƯ XÂY DỰNG KHU VỰC BÀ RỊA (Đ.Cổng Chào Bà Rịa) | U18: phường Bà Rịa, Thành Phố Hồ Chí Minh | V18: Số 138 Đường 27/4 Phường Bà Rịa, thành phố Hồ Chí Minh | W18: 1 | X18: HC03 | Y18: 2026 | Z18: 6 | AA18: 1 | AB18: 2495346 | AC18: 199628 | AD18: 0 | AE18: 0 | AF18: UC | AG18: null | AH18: B1BDDA1ZA | AJ18: 0 | AK18: 003001 | AL18: 0 | AM18: 0 | AN18: 0 | AO18: 0 | AP18: NH | AQ18: 0 | AR18: 0 | AS18: 02/07/26 | AT18: 1554695 | AU18: K26TDA | AV18: 0 | AW18: 3720 | AX18: 0909295840 | AY18: 05N202525700324 | AZ18: 1-6/2026 | BA18: 2694974 | BB18: CON NO | BC18: =RIGHT(AK18,5) -> 03001 | BD18: =AI18&"-"&BC18 -> -03001
A19: =SUBTOTAL(103,$L$2:L19) -> 18 | B19: PB15020063659 | C19: BAN QUẢN LÝ DỰ ÁN ĐẦU TƯ XÂY DỰNG KHU VỰC BÀ RỊA (Hoa viên TTHC tỉnh) | D19: phường Bà Rịa, Thành Phố Hồ Chí Minh | E19: B1BDDA1ZA | F19: -03001 | G19: 7 | H19: 3411390 | I19: 0909295840 | J19: 05N202525700324 | L19: Phạm Trần thanh Tâm | M19: 1599797476 | N19: =IF(COUNTIF($B$2:B19,B19)=1,1,0) -> 0 | O19: PE1800 | P19: 1599797476 | Q19: PB15020063659 | R19: PB15020012733 | S19: BAN QUẢN LÝ DỰ ÁN ĐẦU TƯ XÂY DỰNG KHU VỰC BÀ RỊA (Hoa viên TTHC tỉnh) | T19: TRUNG TÂM QUẢN LÝ GIAO THÔNG VÀ HẠ TẦNG KỸ THUẬT THÀNH PHỐ HỒ CHÍ MINH | U19: phường Bà Rịa, Thành Phố Hồ Chí Minh | V19: Số 360 đường Võ Nguyên Giáp, phường Phước Long, Thành phố Hồ Chí Minh, Việt Nam. | W19: 1 | X19: HC03 | Y19: 2026 | Z19: 7 | AA19: 1 | AB19: 3158694 | AC19: 252696 | AD19: 0 | AE19: 0 | AF19: UC | AG19: null | AH19: B1BDDA1ZA | AJ19: 0 | AK19: 003001 | AL19: 0 | AM19: 0 | AN19: 0 | AO19: 0 | AP19: NH | AQ19: 0 | AR19: 0 | AS19: 02/08/26 | AT19: 1792041 | AU19: K26TDA | AV19: 0 | AW19: 5449 | AX19: 0909295840 | AY19: 05N202525700324 | AZ19: 1-7/2026 | BA19: 3411390 | BB19: CON NO | BC19: =RIGHT(AK19,5) -> 03001 | BD19: =AI19&"-"&BC19 -> -03001
A20: =SUBTOTAL(103,$L$2:L20) -> 19 | B20: PB15020064374 | C20: Sở Lao Động-Thương Binh-Xã Hội tỉnh Bà Rịa - Vũng Tàu | D20: 11 Trường Chinh, Phường Bà Rịa, Thành phố Hồ Chí Minh, Việt Nam | E20: B1BCQB2ZA | F20: -02970 | G20: 8 | H20: 3363308 | I20: 0978577377 | J20: 28M201717086753 | L20: Phạm Trần thanh Tâm | M20: 1552233305 | N20: =IF(COUNTIF($B$2:B20,B20)=1,1,0) -> 1 | O20: PE1800 | P20: 1552233305 | Q20: PB15020064374 | R20: PB15020064374 | S20: Sở Lao Động-Thương Binh-Xã Hội tỉnh Bà Rịa - Vũng Tàu | T20: Sở Lao Động-Thương Binh-Xã Hội tỉnh Bà Rịa - Vũng Tàu | U20: 11 Trường Chinh, Phường Bà Rịa, Thành phố Hồ Chí Minh, Việt Nam | V20: 11 Trường Chinh, Phường Phước Trung, Thành phố Bà Rịa, tỉnh BR-VT | W20: 1 | X20: KHNS | Y20: 2025 | Z20: 8 | AA20: 1 | AB20: 3114174 | AC20: 249134 | AD20: 0 | AE20: 0 | AF20: UC | AG20: 01 | AH20: B1BCQB2ZA | AJ20: 0 | AK20: 02970 | AL20: 1 | AM20: 0 | AN20: 0 | AO20: 0 | AP20: NH | AQ20: 0 | AR20: 0 | AS20: 02/09/25 | AT20: 962743 | AU20: K25TDA | AV20: 0 | AW20: 99 | AX20: 0978577377 | AY20: 28M201717086753 | AZ20: 1-8/2025 | BA20: 3363308 | BB20: CON NO | BC20: =RIGHT(AK20,5) -> 02970 | BD20: =AI20&"-"&BC20 -> -02970
A21: =SUBTOTAL(103,$L$2:L21) -> 20 | B21: PB15020078123 | C21: BAN QUẢN LÝ DỰ ÁN ĐẦU TƯ XÂY DỰNG KHU VỰC BÀ RỊA (Đường Trường Chin) | D21: Đường Trường Chinh, Phường Bà Rịa, Thành phố Hồ Chí Minh, Việt Nam | E21: B1BCQB2ZA | F21: -02927 | G21: 6 | H21: 5933269 | I21: 0985971725 | J21: 02N201818512936 | L21: Phạm Trần thanh Tâm | M21: 1596856675 | N21: =IF(COUNTIF($B$2:B21,B21)=1,1,0) -> 1 | O21: PE1800 | P21: 1596856675 | Q21: PB15020078123 | R21: PB15020012733 | S21: BAN QUẢN LÝ DỰ ÁN ĐẦU TƯ XÂY DỰNG KHU VỰC BÀ RỊA (Đường Trường Chin) | T21: BAN QUẢN LÝ DỰ ÁN ĐẦU TƯ XÂY DỰNG KHU VỰC BÀ RỊA (Đ.Cổng Chào Bà Rịa) | U21: Đường Trường Chinh, Phường Bà Rịa, Thành phố Hồ Chí Minh, Việt Nam | V21: Số 138 Đường 27/4 Phường Bà Rịa, thành phố Hồ Chí Minh | W21: 1 | X21: HC03 | Y21: 2026 | Z21: 6 | AA21: 1 | AB21: 5493768 | AC21: 439501 | AD21: 0 | AE21: 0 | AF21: TM | AG21: null | AH21: B1BCQB2ZA | AJ21: 0 | AK21: 002927 | AL21: 0 | AM21: 0 | AN21: 0 | AO21: 0 | AP21: NH | AQ21: 0 | AR21: 0 | AS21: 02/07/26 | AT21: 1553556 | AU21: K26TDA | AV21: 0 | AW21: 3833 | AX21: 0985971725 | AY21: 02N201818512936 | AZ21: 1-6/2026 | BA21: 5933269 | BB21: CON NO | BC21: =RIGHT(AK21,5) -> 02927 | BD21: =AI21&"-"&BC21 -> -02927
A22: =SUBTOTAL(103,$L$2:L22) -> 21 | B22: PB15020078123 | C22: TRUNG TÂM QUẢN LÝ GIAO THÔNG VÀ HẠ TẦNG KỸ THUẬT THÀNH PHỐ HỒ CHÍ MINH | D22: Đường Trường Chinh, Phường Bà Rịa, Thành phố Hồ Chí Minh, Việt Nam | E22: B1BCQB2ZA | F22: -02927 | G22: 7 | H22: 5724114 | I22: 0985971725 | J22: 02N201818512936 | L22: Phạm Trần thanh Tâm | M22: 1601133522 | N22: =IF(COUNTIF($B$2:B22,B22)=1,1,0) -> 0 | O22: PE1800 | P22: 1601133522 | Q22: PB15020078123 | R22: PB15020078123 | S22: TRUNG TÂM QUẢN LÝ GIAO THÔNG VÀ HẠ TẦNG KỸ THUẬT THÀNH PHỐ HỒ CHÍ MINH | T22: TRUNG TÂM QUẢN LÝ GIAO THÔNG VÀ HẠ TẦNG KỸ THUẬT THÀNH PHỐ HỒ CHÍ MINH | U22: Đường Trường Chinh, Phường Bà Rịa, Thành phố Hồ Chí Minh, Việt Nam | V22: Số 360 đường Võ Nguyên Giáp, Phường Phước Long, Thành phố Hồ Chí Minh, Việt Nam | W22: 1 | X22: HC03 | Y22: 2026 | Z22: 7 | AA22: 1 | AB22: 5300106 | AC22: 424008 | AD22: 0 | AE22: 0 | AF22: TM | AG22: null | AH22: B1BCQB2ZA | AJ22: 0 | AK22: 002927 | AL22: 0 | AM22: 0 | AN22: 0 | AO22: 0 | AP22: NH | AQ22: 0 | AR22: 0 | AS22: 02/08/26 | AT22: 1790893 | AU22: K26TDA | AV22: 0 | AW22: 20826 | AX22: 0985971725 | AY22: 02N201818512936 | AZ22: 1-7/2026 | BA22: 5724114 | BB22: CON NO | BC22: =RIGHT(AK22,5) -> 02927 | BD22: =AI22&"-"&BC22 -> -02927
A23: =SUBTOTAL(103,$L$2:L23) -> 22 | B23: PB15020064360 | C23: BAN TỔ CHỨC THÀNH ỦY THÀNH PHỐ HỒ CHÍ MINH | D23: 198 Bạch Đằng, phường Bà Rịa, thành Phố Hồ Chí Minh | E23: B1BCQB2ZA | F23: -02860 | G23: 7 | H23: 1019330 | I23: 0945234879 | J23: 28M201616089745 | L23: Phạm Trần Thanh Tâm | M23: 1601133553 | N23: =IF(COUNTIF($B$2:B23,B23)=1,1,0) -> 1 | O23: PE1800 | P23: 1601133553 | Q23: PB15020064360 | R23: PB15020064360 | S23: BAN TỔ CHỨC THÀNH ỦY THÀNH PHỐ HỒ CHÍ MINH | T23: BAN TỔ CHỨC THÀNH ỦY THÀNH PHỐ HỒ CHÍ MINH | U23: 198 Bạch Đằng, phường Bà Rịa, thành Phố Hồ Chí Minh | V23: 127 Trương Định, Phường Xuân Hoà, Thành phố Hồ Chí Minh, Việt Nam | W23: 1 | X23: KHNS | Y23: 2026 | Z23: 7 | AA23: 1 | AB23: 943824 | AC23: 75506 | AD23: 0 | AE23: 0 | AF23: UC | AG23: null | AH23: B1BCQB2ZA | AJ23: 0 | AK23: 002860 | AL23: 0 | AM23: 0 | AN23: 0 | AO23: 0 | AP23: UC | AQ23: 0 | AR23: 0 | AS23: 02/08/26 | AT23: 1790891 | AU23: K26TDA | AV23: 0 | AW23: 20838 | AX23: 0945234879 | AY23: 28M201616089745 | AZ23: 1-7/2026 | BA23: 1019330 | BB23: CON NO | BC23: =RIGHT(AK23,5) -> 02860 | BD23: =AI23&"-"&BC23 -> -02860
A24: =SUBTOTAL(103,$L$2:L24) -> 23 | B24: PB15020064385 | C24: SỞ XÂY DỰNG THÀNH PHỐ HỒ CHÍ MINH | D24: 198 Bạch Đằng, Phường Bà Rịa, Thành phố Hồ Chí Minh, Việt Nam | E24: B1BCQB2ZA | F24: -02830 | G24: 7 | H24: 6649685 | I24: 0909722780 | J24: 28M201818083618 | L24: Phạm Trần thanh Tâm | M24: 1601133537 | N24: =IF(COUNTIF($B$2:B24,B24)=1,1,0) -> 1 | O24: PE1800 | P24: 1601133537 | Q24: PB15020064385 | R24: PB15020013346 | S24: SỞ XÂY DỰNG THÀNH PHỐ HỒ CHÍ MINH | T24: SỞ XÂY DỰNG THÀNH PHỐ HỒ CHÍ MINH | U24: 198 Bạch Đằng, Phường Bà Rịa, Thành phố Hồ Chí Minh, Việt Nam | V24: 63 Lý Tự Trọng, Phường Sài Gòn, Thành phố Hồ Chí Minh, Việt Nam | W24: 1 | X24: KHNS | Y24: 2026 | Z24: 7 | AA24: 1 | AB24: 6157116 | AC24: 492569 | AD24: 0 | AE24: 0 | AF24: UC | AG24: null | AH24: B1BCQB2ZA | AJ24: 0 | AK24: 002830 | AL24: 0 | AM24: 0 | AN24: 0 | AO24: 0 | AP24: UC | AQ24: 0 | AR24: 0 | AS24: 02/08/26 | AT24: 1790890 | AU24: K26TDA | AV24: 0 | AW24: 20831 | AX24: 0909722780 | AY24: 28M201818083618 | AZ24: 1-7/2026 | BA24: 6649685 | BB24: CON NO | BC24: =RIGHT(AK24,5) -> 02830 | BD24: =AI24&"-"&BC24 -> -02830
A25: =SUBTOTAL(103,$L$2:L25) -> 24 | B25: PB15020064384 | C25: SỞ XÂY DỰNG THÀNH PHỐ HỒ CHÍ MINH | D25: Khu B3 Bạch Đằng, Phường Bà Rịa, Thành phố Hồ Chí Minh, Việt Nam | E25: B1BCQB2ZA | F25: -02825 | G25: 7 | H25: 4204736 | I25: 0909722780 | J25: 28M201717026144 | L25: Phạm Trần thanh Tâm | M25: 1601133550 | N25: =IF(COUNTIF($B$2:B25,B25)=1,1,0) -> 1 | O25: PE1800 | P25: 1601133550 | Q25: PB15020064384 | R25: PB15020013346 | S25: SỞ XÂY DỰNG THÀNH PHỐ HỒ CHÍ MINH | T25: SỞ XÂY DỰNG THÀNH PHỐ HỒ CHÍ MINH | U25: Khu B3 Bạch Đằng, Phường Bà Rịa, Thành phố Hồ Chí Minh, Việt Nam | V25: 63 Lý Tự Trọng, Phường Sài Gòn, Thành phố Hồ Chí Minh, Việt Nam | W25: 1 | X25: KHNS | Y25: 2026 | Z25: 7 | AA25: 1 | AB25: 3893274 | AC25: 311462 | AD25: 0 | AE25: 0 | AF25: UC | AG25: null | AH25: B1BCQB2ZA | AJ25: 0 | AK25: 002825 | AL25: 0 | AM25: 0 | AN25: 0 | AO25: 0 | AP25: UC | AQ25: 0 | AR25: 0 | AS25: 02/08/26 | AT25: 1790889 | AU25: K26TDA | AV25: 0 | AW25: 20837 | AX25: 0909722780 | AY25: 28M201717026144 | AZ25: 1-7/2026 | BA25: 4204736 | BB25: CON NO | BC25: =RIGHT(AK25,5) -> 02825 | BD25: =AI25&"-"&BC25 -> -02825
A26: =SUBTOTAL(103,$L$2:L26) -> 25 | B26: PB15020064382 | C26: SỞ NÔNG NGHIỆP VÀ MÔI TRƯỜNG THÀNH PHỐ HỒ CHÍ MINH | D26: 01 Phạm Văn Đồng, Phường Bà Rịa, Thành Phố Hồ Chí Minh | E26: B1BCQB2ZA | F26: -02815 | G26: 7 | H26: 7084824 | I26: 0762488449 | J26: 0 | L26: Phạm Trần thanh Tâm | M26: 1601133535 | N26: =IF(COUNTIF($B$2:B26,B26)=1,1,0) -> 1 | O26: PE1800 | P26: 1601133535 | Q26: PB15020064382 | R26: PB15020010514 | S26: SỞ NÔNG NGHIỆP VÀ MÔI TRƯỜNG THÀNH PHỐ HỒ CHÍ MINH | T26: SỞ NÔNG NGHIỆP VÀ MÔI TRƯỜNG THÀNH PHỐ HỒ CHÍ MINH | U26: 01 Phạm Văn Đồng, Phường Bà Rịa, Thành Phố Hồ Chí Minh | V26: Số 63, Đường Lý Tự Trọng, Phường Sài Gòn, Thành phố Hồ Chí Minh | W26: 1 | X26: KHNS | Y26: 2026 | Z26: 7 | AA26: 1 | AB26: 6560022 | AC26: 524802 | AD26: 0 | AE26: 0 | AF26: UC | AG26: null | AH26: B1BCQB2ZA | AJ26: 0 | AK26: 002815 | AL26: 0 | AM26: 0 | AN26: 0 | AO26: 0 | AP26: UC | AQ26: 0 | AR26: 0 | AS26: 02/08/26 | AT26: 1790887 | AU26: K26TDA | AV26: 0 | AW26: 20830 | AX26: 0762488449 | AZ26: 1-7/2026 | BA26: 7084824 | BB26: CON NO | BC26: =RIGHT(AK26,5) -> 02815 | BD26: =AI26&"-"&BC26 -> -02815
A27: =SUBTOTAL(103,$L$2:L27) -> 26 | B27: PB15020064363 | C27: Ban Dân Vận Tỉnh ủy tỉnh Bà Rịa - Vũng Tàu | D27: 198 Bạch Đằng, Phường Bà Rịa, Thành phố Hồ Chí Minh, Việt Nam | E27: B1BCQB2ZA | F27: -02760 | G27: 8 | H27: 2449758 | I27: 0919892428 | J27: 28M201818083602 | L27: Phạm Trần thanh Tâm | M27: 1552233279 | N27: =IF(COUNTIF($B$2:B27,B27)=1,1,0) -> 1 | O27: PE1800 | P27: 1552233279 | Q27: PB15020064363 | R27: PB15020064363 | S27: Ban Dân Vận Tỉnh ủy tỉnh Bà Rịa - Vũng Tàu | T27: Ban Dân Vận Tỉnh ủy tỉnh Bà Rịa - Vũng Tàu | U27: 198 Bạch Đằng, Phường Bà Rịa, Thành phố Hồ Chí Minh, Việt Nam | V27: 198 Bạch Đằng, Phường Phước Trung, Thành phố Bà Rịa, tỉnh Bà Rịa - Vũng Tàu | W27: 1 | X27: KHNS | Y27: 2025 | Z27: 8 | AA27: 1 | AB27: 2268294 | AC27: 181464 | AD27: 0 | AE27: 0 | AF27: UC | AG27: 01 | AH27: B1BCQB2ZA | AJ27: 0 | AK27: 02760 | AL27: 1 | AM27: 0 | AN27: 0 | AO27: 0 | AP27: NH | AQ27: 0 | AR27: 0 | AS27: 02/09/25 | AT27: 962719 | AU27: K25TDA | AV27: 0 | AW27: 98 | AX27: 0919892428 | AY27: 28M201818083602 | AZ27: 1-8/2025 | BA27: 2449758 | BB27: CON NO | BC27: =RIGHT(AK27,5) -> 02760 | BD27: =AI27&"-"&BC27 -> -02760
A28: =SUBTOTAL(103,$L$2:L28) -> 27 | B28: PB15020024719 | C28: Bùi Thị Hiền | D28: Khu 5 Phước Hưng, Phường Long Hương, Thành phố Hồ Chí Minh | E28: B1BTAA1ZA | F28: -02220 | G28: 8 | H28: 433750 | I28: 0 | J28: 0 | L28: Nguyễn Ngọc Kỳ | M28: 1555502438 | N28: =IF(COUNTIF($B$2:B28,B28)=1,1,0) -> 1 | O28: PE1800 | P28: 1555502438 | Q28: PB15020024719 | R28: PB15020024719 | S28: Bùi Thị Hiền | T28: Bùi Thị Hiền | U28: Khu 5 Phước Hưng, Phường Long Hương, Thành phố Hồ Chí Minh | V28: Xã Tân Hưnng-TPBR | W28: 0 | X28: KHBT | Y28: 2025 | Z28: 8 | AA28: 1 | AB28: 401620 | AC28: 32130 | AD28: 0 | AE28: 0 | AF28: TM | AG28: 09 | AH28: B1BTAA1ZA | AJ28: 0 | AK28: 02220 | AL28: 1 | AM28: 0 | AN28: 0 | AO28: 0 | AP28: NH | AQ28: 0 | AR28: 0 | AS28: 03/09/25 | AT28: 1130082 | AU28: K25TDA | AV28: 0 | AW28: 150 | AZ28: 1-8/2025 | BA28: 433750 | BB28: CON NO | BC28: =RIGHT(AK28,5) -> 02220 | BD28: =AI28&"-"&BC28 -> -02220
A29: =SUBTOTAL(103,$L$2:L29) -> 28 | B29: PB15020066060 | C29: Đỗ Thanh Đạm | D29: Ấp Bắc 2 - Hoà Long, Phường Tam Long, Thành phố Hồ Chí Minh, Việt Nam | E29: B1BMXA1ZA | F29: -02215 | G29: 7 | H29: 201720 | I29: 0999125642 | J29: M2B20191920028281 | L29: Đỗ Thị Diễm Trang | M29: 1547920645 | N29: =IF(COUNTIF($B$2:B29,B29)=1,1,0) -> 1 | O29: PE1800 | P29: 1547920645 | Q29: PB15020066060 | R29: PB15020066060 | S29: Đỗ Thanh Đạm | T29: Đỗ Thanh Đạm | U29: Ấp Bắc 2 - Hoà Long, Phường Tam Long, Thành phố Hồ Chí Minh, Việt Nam | V29: Ấp Bắc 2, Xã Hoà Long, Thành phố Bà Rịa. | W29: 1 | X29: KHBT | Y29: 2025 | Z29: 7 | AA29: 1 | AB29: 186778 | AC29: 14942 | AD29: 0 | AE29: 0 | AF29: DT | AG29: 1 | AH29: B1BMXA1ZA | AJ29: 0 | AK29: 02215 | AL29: 1 | AM29: 0 | AN29: 0 | AO29: 0 | AP29: NH | AQ29: 0 | AR29: 0 | AS29: 02/08/25 | AT29: 777527 | AU29: K25TDA | AV29: 0 | AW29: 20 | AX29: 0999125642 | AY29: M2B20191920028281 | AZ29: 1-7/2025 | BA29: 201720 | BB29: CON NO | BC29: =RIGHT(AK29,5) -> 02215 | BD29: =AI29&"-"&BC29 -> -02215
A30: =SUBTOTAL(103,$L$2:L30) -> 29 | B30: PE18000000207 | C30: CHI NHÁNH - CÔNG TY TNHH NEW GREEN WAY VIỆT NAM | D30: số 261 Quốc lộ 51, phường Long Hương, thành phố Hồ Chí Minh | E30: B1BAMA1ZA | F30: -02210 | G30: 7 | H30: 83886 | I30: 0982352286 | J30: 47M202525414683 | L30: Nguyễn Ngọc Kỳ | M30: 1601129868 | N30: =IF(COUNTIF($B$2:B30,B30)=1,1,0) -> 1 | O30: PE1800 | P30: 1601129868 | Q30: PE18000000207 | R30: PE18000000207 | S30: CHI NHÁNH - CÔNG TY TNHH NEW GREEN WAY VIỆT NAM | T30: CHI NHÁNH - CÔNG TY TNHH NEW GREEN WAY VIỆT NAM | U30: số 261 Quốc lộ 51, phường Long Hương, thành phố Hồ Chí Minh | V30: số 261 Quốc lộ 51, phường Long Hương, thành phố Hồ Chí Minh | W30: 1 | X30: TMDV | Y30: 2026 | Z30: 7 | AA30: 1 | AB30: 77672 | AC30: 6214 | AD30: 0 | AE30: 0 | AF30: DT | AG30: 01 | AH30: B1BAMA1ZA | AJ30: 0 | AK30: 002210 | AL30: 0 | AM30: 0 | AN30: 0 | AO30: 0 | AP30: NH | AQ30: 0 | AR30: 0 | AS30: 02/08/26 | AT30: 1786202 | AU30: K26TDA | AV30: 0 | AW30: 20090 | AX30: 0982352286 | AY30: 47M202525414683 | AZ30: 1-7/2026 | BA30: 83886 | BB30: CON NO | BC30: =RIGHT(AK30,5) -> 02210 | BD30: =AI30&"-"&BC30 -> -02210
A31: =SUBTOTAL(103,$L$2:L31) -> 30 | B31: PB15020060183 | C31: CÔNG AN THÀNH PHỐ HỒ CHÍ MINH | D31: 15 Trường Chinh, Phường Bà Rịa, Thành phố Hồ Chí Minh, Việt Nam | E31: B1BPPA3ZA | F31: -02000 | G31: 7 | H31: 62951358 | I31: 0937433522 | J31: 28M201414223529 | L31: Phạm Trần thanh Tâm | M31: 1599799257 | N31: =IF(COUNTIF($B$2:B31,B31)=1,1,0) -> 1 | O31: PE1800 | P31: 1599799257 | Q31: PB15020060183 | R31: PB15020060183 | S31: CÔNG AN THÀNH PHỐ HỒ CHÍ MINH | T31: CÔNG AN THÀNH PHỐ HỒ CHÍ MINH | U31: 15 Trường Chinh, Phường Bà Rịa, Thành phố Hồ Chí Minh, Việt Nam | V31: Số 268 Trần Hưng Đạo, Phường Cầu Ông Lãnh, TP Hồ Chí Minh, Việt Nam | W31: 1 | X31: KHNS | Y31: 2026 | Z31: 7 | AA31: 1 | AB31: 58288294 | AC31: 4663064 | AD31: 0 | AE31: 0 | AF31: UC | AG31: PB1502 | AH31: B1BPPA3ZA | AJ31: 0 | AK31: 002000 | AL31: 0 | AM31: 0 | AN31: 0 | AO31: 0 | AP31: UC | AQ31: 0 | AR31: 0 | AS31: 02/08/26 | AT31: 1821881 | AU31: K26TDA | AV31: 0 | AW31: 5666 | AX31: 0937433522 | AY31: 28M201414223529 | AZ31: 1-7/2026 | BA31: 62951358 | BB31: CON NO | BC31: =RIGHT(AK31,5) -> 02000 | BD31: =AI31&"-"&BC31 -> -02000
A32: =SUBTOTAL(103,$L$2:L32) -> 31 | B32: PB15020062901 | C32: BAN QUẢN LÝ DỰ ÁN ĐẦU TƯ XÂY DỰNG KHU VỰC BÀ RỊA (ĐĐ3.Tr Chinh) | D32: Trụ 75BR-68/23/16/9 Trường Chinh, Phường Bà Rịa, TP. Hồ Chí Minh, Việt Nam | E32: B1BCQB2ZA | F32: -01800 | G32: 6 | H32: 798155 | I32: 0985971725 | J32: T44202525000941 | L32: Phạm Trần thanh Tâm | M32: 1596856759 | N32: =IF(COUNTIF($B$2:B32,B32)=1,1,0) -> 1 | O32: PE1800 | P32: 1596856759 | Q32: PB15020062901 | R32: PB15020012733 | S32: BAN QUẢN LÝ DỰ ÁN ĐẦU TƯ XÂY DỰNG KHU VỰC BÀ RỊA (ĐĐ3.Tr Chinh) | T32: BAN QUẢN LÝ DỰ ÁN ĐẦU TƯ XÂY DỰNG KHU VỰC BÀ RỊA (Đ.Cổng Chào Bà Rịa) | U32: Trụ 75BR-68/23/16/9 Trường Chinh, Phường Bà Rịa, TP. Hồ Chí Minh, Việt Nam | V32: Số 138 Đường 27/4 Phường Bà Rịa, thành phố Hồ Chí Minh | W32: 1 | X32: HC03 | Y32: 2026 | Z32: 6 | AA32: 1 | AB32: 739032 | AC32: 59123 | AD32: 0 | AE32: 0 | AF32: UC | AG32: null | AH32: B1BCQB2ZA | AJ32: 0 | AK32: 001800 | AL32: 0 | AM32: 0 | AN32: 0 | AO32: 0 | AP32: NH | AQ32: 0 | AR32: 0 | AS32: 02/07/26 | AT32: 1553549 | AU32: K26TDA | AV32: 0 | AW32: 3840 | AX32: 0985971725 | AY32: T44202525000941 | AZ32: 1-6/2026 | BA32: 798155 | BB32: CON NO | BC32: =RIGHT(AK32,5) -> 01800 | BD32: =AI32&"-"&BC32 -> -01800
A33: =SUBTOTAL(103,$L$2:L33) -> 32 | B33: PB15020062901 | C33: TRUNG TÂM QUẢN LÝ GIAO THÔNG VÀ HẠ TẦNG KỸ THUẬT THÀNH PHỐ HỒ CHÍ MINH | D33: Trụ 75BR-68/23/16/9 Trường Chinh, Phường Bà Rịa, TP. Hồ Chí Minh, Việt Nam | E33: B1BCQB2ZA | F33: -01800 | G33: 7 | H33: 908742 | I33: 0985971725 | J33: T44202525000941 | L33: Phạm Trần thanh Tâm | M33: 1601133585 | N33: =IF(COUNTIF($B$2:B33,B33)=1,1,0) -> 0 | O33: PE1800 | P33: 1601133585 | Q33: PB15020062901 | R33: PB15020062901 | S33: TRUNG TÂM QUẢN LÝ GIAO THÔNG VÀ HẠ TẦNG KỸ THUẬT THÀNH PHỐ HỒ CHÍ MINH | T33: TRUNG TÂM QUẢN LÝ GIAO THÔNG VÀ HẠ TẦNG KỸ THUẬT THÀNH PHỐ HỒ CHÍ MINH | U33: Trụ 75BR-68/23/16/9 Trường Chinh, Phường Bà Rịa, TP. Hồ Chí Minh, Việt Nam | V33: Số 360 đường Võ Nguyên Giáp, Phường Phước Long, Thành phố Hồ Chí Minh, Việt Nam | W33: 1 | X33: HC03 | Y33: 2026 | Z33: 7 | AA33: 1 | AB33: 841428 | AC33: 67314 | AD33: 0 | AE33: 0 | AF33: UC | AG33: null | AH33: B1BCQB2ZA | AJ33: 0 | AK33: 001800 | AL33: 0 | AM33: 0 | AN33: 0 | AO33: 0 | AP33: NH | AQ33: 0 | AR33: 0 | AS33: 02/08/26 | AT33: 1790886 | AU33: K26TDA | AV33: 0 | AW33: 20846 | AX33: 0985971725 | AY33: T44202525000941 | AZ33: 1-7/2026 | BA33: 908742 | BB33: CON NO | BC33: =RIGHT(AK33,5) -> 01800 | BD33: =AI33&"-"&BC33 -> -01800
A34: =SUBTOTAL(103,$L$2:L34) -> 33 | B34: PB15020062992 | C34: BAN QUẢN LÝ DỰ ÁN ĐẦU TƯ XÂY DỰNG KHU VỰC BÀ RỊA (ĐĐ BCH QS tỉnh) | D34: BCH Quân sự tỉnh Hùng Vương, Phường Tam Long, Thành phố Hồ Chí Minh, Việt Nam | E34: B1BDTA1ZA | F34: -00380 | G34: 6 | H34: 2567557 | I34: 0846313484 | J34: M2B20202020120108 | L34: Phạm Trần thanh Tâm | M34: 1596601649 | N34: =IF(COUNTIF($B$2:B34,B34)=1,1,0) -> 1 | O34: PE1800 | P34: 1596601649 | Q34: PB15020062992 | R34: PB15020012733 | S34: BAN QUẢN LÝ DỰ ÁN ĐẦU TƯ XÂY DỰNG KHU VỰC BÀ RỊA (ĐĐ BCH QS tỉnh) | T34: BAN QUẢN LÝ DỰ ÁN ĐẦU TƯ XÂY DỰNG KHU VỰC BÀ RỊA (Đ.Cổng Chào Bà Rịa) | U34: BCH Quân sự tỉnh Hùng Vương, Phường Tam Long, Thành phố Hồ Chí Minh, Việt Nam | V34: Số 138 Đường 27/4 Phường Bà Rịa, thành phố Hồ Chí Minh | W34: 1 | X34: HC03 | Y34: 2026 | Z34: 6 | AA34: 1 | AB34: 2377368 | AC34: 190189 | AD34: 0 | AE34: 0 | AF34: TM | AG34: null | AH34: B1BDTA1ZA | AJ34: 0 | AK34: 000380 | AL34: 0 | AM34: 0 | AN34: 0 | AO34: 0 | AP34: NH | AQ34: 0 | AR34: 0 | AS34: 02/07/26 | AT34: 1554879 | AU34: K26TDA | AV34: 0 | AW34: 3723 | AX34: 0846313484 | AY34: M2B20202020120108 | AZ34: 1-6/2026 | BA34: 2567557 | BB34: CON NO | BC34: =RIGHT(AK34,5) -> 00380 | BD34: =AI34&"-"&BC34 -> -00380
A35: =SUBTOTAL(103,$L$2:L35) -> 34 | B35: PB15020062992 | C35: BAN QUẢN LÝ DỰ ÁN ĐẦU TƯ XÂY DỰNG KHU VỰC BÀ RỊA (ĐĐ BCH QS tỉnh) | D35: BCH Quân sự tỉnh Hùng Vương, Phường Tam Long, Thành phố Hồ Chí Minh, Việt Nam | E35: B1BDTA1ZA | F35: -00380 | G35: 7 | H35: 2690166 | I35: 0846313484 | J35: M2B20202020120108 | L35: Phạm Trần thanh Tâm | M35: 1599797573 | N35: =IF(COUNTIF($B$2:B35,B35)=1,1,0) -> 0 | O35: PE1800 | P35: 1599797573 | Q35: PB15020062992 | R35: PB15020012733 | S35: BAN QUẢN LÝ DỰ ÁN ĐẦU TƯ XÂY DỰNG KHU VỰC BÀ RỊA (ĐĐ BCH QS tỉnh) | T35: TRUNG TÂM QUẢN LÝ GIAO THÔNG VÀ HẠ TẦNG KỸ THUẬT THÀNH PHỐ HỒ CHÍ MINH | U35: BCH Quân sự tỉnh Hùng Vương, Phường Tam Long, Thành phố Hồ Chí Minh, Việt Nam | V35: Số 360 đường Võ Nguyên Giáp, phường Phước Long, Thành phố Hồ Chí Minh, Việt Nam. | W35: 1 | X35: HC03 | Y35: 2026 | Z35: 7 | AA35: 1 | AB35: 2490894 | AC35: 199272 | AD35: 0 | AE35: 0 | AF35: TM | AG35: null | AH35: B1BDTA1ZA | AJ35: 0 | AK35: 000380 | AL35: 0 | AM35: 0 | AN35: 0 | AO35: 0 | AP35: NH | AQ35: 0 | AR35: 0 | AS35: 02/08/26 | AT35: 1792228 | AU35: K26TDA | AV35: 0 | AW35: 5460 | AX35: 0846313484 | AY35: M2B20202020120108 | AZ35: 1-7/2026 | BA35: 2690166 | BB35: CON NO | BC35: =RIGHT(AK35,5) -> 00380 | BD35: =AI35&"-"&BC35 -> -00380
A36: =SUBTOTAL(103,$L$2:L36) -> 35 | B36: PB15040053024 | C36: Nguyễn Thanh Lộc | D36: KP Phước Hiệp, Phường Tân Hải, Thành phố Hồ Chí Minh | E36: B1D0239ZA | F36: 01D-01800 | G36: 7 | H36: 1795716 | I36: 0937320761 | J36: T032022221100158113 | L36: Nguyễn Bá Lạp | M36: 1601184696 | N36: =IF(COUNTIF($B$2:B36,B36)=1,1,0) -> 1 | O36: PE1800 | P36: 1601184696 | Q36: PB15040053024 | R36: PB15040053024 | S36: Nguyễn Thanh Lộc | T36: Nguyễn Thanh Lộc | U36: KP Phước Hiệp, Phường Tân Hải, Thành phố Hồ Chí Minh | V36: KP Phước Hiệp, Phường Tân Hải, Thành phố Hồ Chí Minh | W36: 0 | X36: KHBT | Y36: 2026 | Z36: 7 | AA36: 1 | AB36: 1662700 | AC36: 133016 | AD36: 0 | AE36: 0 | AF36: DT | AG36: 03 | AH36: B1D0239ZA | AI36: 01D | AJ36: 0 | AK36: 001800 | AL36: 0 | AM36: 0 | AN36: 0 | AO36: 0 | AP36: NH | AQ36: 0 | AR36: 0 | AS36: 02/08/26 | AT36: 1847260 | AU36: K26TDA | AV36: 0 | AW36: 29967 | AX36: 0937320761 | AY36: T032022221100158113 | AZ36: 1-7/2026 | BA36: 1795716 | BB36: CON NO | BC36: =RIGHT(AK36,5) -> 01800 | BD36: =AI36&"-"&BC36 -> 01D-01800
A37: =SUBTOTAL(103,$L$2:L37) -> 36 | B37: PB15040053029 | C37: Nguyễn Thị MInh | D37: Ấp Phước Hiệp, Phường Tân Hải, Thành phố Hồ Chí Minh | E37: B1D0239ZA | F37: 01D-01840 | G37: 7 | H37: 449172 | I37: 0379338430 | J37: T032022221100139609 | L37: Nguyễn Bá Lạp | M37: 1601184706 | N37: =IF(COUNTIF($B$2:B37,B37)=1,1,0) -> 1 | O37: PE1800 | P37: 1601184706 | Q37: PB15040053029 | R37: PB15040053029 | S37: Nguyễn Thị MInh | T37: Nguyễn Thị MInh | U37: Ấp Phước Hiệp, Phường Tân Hải, Thành phố Hồ Chí Minh | V37: Ấp Phước Hiệp, Phường Tân Hải, Thành phố Hồ Chí Minh | W37: 0 | X37: CNVC | Y37: 2026 | Z37: 7 | AA37: 1 | AB37: 415900 | AC37: 33272 | AD37: 0 | AE37: 0 | AF37: DT | AG37: 03 | AH37: B1D0239ZA | AI37: 01D | AJ37: 0 | AK37: 001840 | AL37: 0 | AM37: 0 | AN37: 0 | AO37: 0 | AP37: NH | AQ37: 0 | AR37: 0 | AS37: 02/08/26 | AT37: 1847266 | AU37: K26TDA | AV37: 0 | AW37: 29969 | AX37: 0379338430 | AY37: T032022221100139609 | AZ37: 1-7/2026 | BA37: 449172 | BB37: CON NO | BC37: =RIGHT(AK37,5) -> 01840 | BD37: =AI37&"-"&BC37 -> 01D-01840
A38: =SUBTOTAL(103,$L$2:L38) -> 37 | B38: PB15040036916 | C38: Lê Tấn Hoàng | D38: Ấp Phước Hiệp, Phường Tân Hải, Thành phố Hồ Chí Minh, Việt Nam | E38: B1D0238ZA | F38: 01D-08200 | G38: 7 | H38: 459454 | I38: 0903880195 | J38: T032022221100133546 | L38: Nguyễn Bá Lạp | M38: 1601181709 | N38: =IF(COUNTIF($B$2:B38,B38)=1,1,0) -> 1 | O38: PE1800 | P38: 1601181709 | Q38: PB15040036916 | R38: PB15040036916 | S38: Lê Tấn Hoàng | T38: Lê Tấn Hoàng | U38: Ấp Phước Hiệp, Phường Tân Hải, Thành phố Hồ Chí Minh, Việt Nam | V38: Ấp Phước Hiệp, Phường Tân Hải, Thành phố Hồ Chí Minh, Việt Nam | W38: 0 | X38: KHBT | Y38: 2026 | Z38: 7 | AA38: 1 | AB38: 425420 | AC38: 34034 | AD38: 0 | AE38: 0 | AF38: DT | AG38: 01 | AH38: B1D0238ZA | AI38: 01D | AJ38: 0 | AK38: 008200 | AL38: 0 | AM38: 0 | AN38: 0 | AO38: 0 | AP38: NH | AQ38: 0 | AR38: 0 | AS38: 02/08/26 | AT38: 1847049 | AU38: K26TDA | AV38: 0 | AW38: 29257 | AX38: 0903880195 | AY38: T032022221100133546 | AZ38: 1-7/2026 | BA38: 459454 | BB38: CON NO | BC38: =RIGHT(AK38,5) -> 08200 | BD38: =AI38&"-"&BC38 -> 01D-08200
A39: =SUBTOTAL(103,$L$2:L39) -> 38 | B39: PB15040002384 | C39: Nguyễn Văn Sửu | D39: Ấp Phước Hiệp, Phường Tân Hải, Thành phố Hồ Chí Minh, Việt Nam | E39: B1D0238ZA | F39: 01D-08730 | G39: 7 | H39: 1694822 | I39: 0906394018 | J39: T4920212120635312 | L39: Nguyễn Bá Lạp | M39: 1601181206 | N39: =IF(COUNTIF($B$2:B39,B39)=1,1,0) -> 1 | O39: PE1800 | P39: 1601181206 | Q39: PB15040002384 | R39: PB15040002384 | S39: Nguyễn Văn Sửu | T39: Nguyễn Văn Sửu | U39: Ấp Phước Hiệp, Phường Tân Hải, Thành phố Hồ Chí Minh, Việt Nam | V39: Ấp Phước Hiệp, Phường Tân Hải, Thành phố Hồ Chí Minh, Việt Nam | W39: 0 | X39: KHBT | Y39: 2026 | Z39: 7 | AA39: 1 | AB39: 1569280 | AC39: 125542 | AD39: 0 | AE39: 0 | AF39: DT | AG39: 01 | AH39: B1D0238ZA | AI39: 01D | AJ39: 0 | AK39: 008730 | AL39: 0 | AM39: 0 | AN39: 0 | AO39: 0 | AP39: NH | AQ39: 0 | AR39: 0 | AS39: 02/08/26 | AT39: 1847074 | AU39: K26TDA | AV39: 0 | AW39: 29148 | AX39: 0906394018 | AY39: T4920212120635312 | AZ39: 1-7/2026 | BA39: 1694822 | BB39: CON NO | BC39: =RIGHT(AK39,5) -> 08730 | BD39: =AI39&"-"&BC39 -> 01D-08730
A40: =SUBTOTAL(103,$L$2:L40) -> 39 | B40: PB15040041918 | C40: Mai Văn Công | D40: Ấp Phước Hiệp, Phường Tân Hải, Thành phố Hồ Chí Minh, Việt Nam | E40: B1D0238ZA | F40: 01D-09070 | G40: 7 | H40: 788946 | I40: 0379485020 | J40: T032022221100139860 | L40: Nguyễn Bá Lạp | M40: 1601182116 | N40: =IF(COUNTIF($B$2:B40,B40)=1,1,0) -> 1 | O40: PE1800 | P40: 1601182116 | Q40: PB15040041918 | R40: PB15040041918 | S40: Mai Văn Công | T40: Mai Văn Công | U40: Ấp Phước Hiệp, Phường Tân Hải, Thành phố Hồ Chí Minh, Việt Nam | V40: Ấp Phước Hiệp, Phường Tân Hải, Thành phố Hồ Chí Minh, Việt Nam | W40: 0 | X40: KHBT | Y40: 2026 | Z40: 7 | AA40: 1 | AB40: 730506 | AC40: 58440 | AD40: 0 | AE40: 0 | AF40: DT | AG40: 01 | AH40: B1D0238ZA | AI40: 01D | AJ40: 0 | AK40: 009070 | AL40: 0 | AM40: 0 | AN40: 0 | AO40: 0 | AP40: NH | AQ40: 0 | AR40: 0 | AS40: 02/08/26 | AT40: 1847121 | AU40: K26TDA | AV40: 0 | AW40: 29363 | AX40: 0379485020 | AY40: T032022221100139860 | AZ40: 1-7/2026 | BA40: 788946 | BB40: CON NO | BC40: =RIGHT(AK40,5) -> 09070 | BD40: =AI40&"-"&BC40 -> 01D-09070
A41: =SUBTOTAL(103,$L$2:L41) -> 40 | B41: PB15040082525 | C41: Phan Thị Thu | D41: Thửa 176, tờ 19, Ấp Tân Ninh, Xã Châu Pha, Thành phố Hồ Chí Minh | E41: B1D0481ZA | F41: 01K-04950 | G41: 7 | H41: 279526 | I41: 0937774392 | J41: T0320161611466233 | L41: Huỳnh Tấn Phát | M41: 1601233062 | N41: =IF(COUNTIF($B$2:B41,B41)=1,1,0) -> 1 | O41: PE1800 | P41: 1601233062 | Q41: PB15040082525 | R41: PB15040082525 | S41: Phan Thị Thu | T41: Phan Thị Thu | U41: Thửa 176, tờ 19, Ấp Tân Ninh, Xã Châu Pha, Thành phố Hồ Chí Minh | V41: Ấp Tân Ninh, Xã Châu Pha, Thành phố Hồ Chí Minh | W41: 0 | X41: KHBT | Y41: 2026 | Z41: 7 | AA41: 1 | AB41: 258820 | AC41: 20706 | AD41: 0 | AE41: 0 | AF41: DT | AG41: 13 | AH41: B1D0481ZA | AI41: 01K | AJ41: 0 | AK41: 004950 | AL41: 0 | AM41: 0 | AN41: 0 | AO41: 0 | AP41: NH | AQ41: 0 | AR41: 0 | AS41: 02/08/26 | AT41: 1864956 | AU41: K26TDA | AV41: 0 | AW41: 40941 | AX41: 0937774392 | AY41: T0320161611466233 | AZ41: 1-7/2026 | BA41: 279526 | BB41: CON NO | BC41: =RIGHT(AK41,5) -> 04950 | BD41: =AI41&"-"&BC41 -> 01K-04950
A42: =SUBTOTAL(103,$L$2:L42) -> 41 | B42: PB15040054214 | C42: Đặng Văn Gia | D42: Ấp Tân Tiến, Xã Châu Pha, Thành phố Hồ Chí Minh | E42: B1D0481ZA | F42: 01K-08605 | G42: 7 | H42: 581725 | I42: 0396087112 | J42: T032022221100274218 | L42: Huỳnh Tấn Phát | M42: 1601233066 | N42: =IF(COUNTIF($B$2:B42,B42)=1,1,0) -> 1 | O42: PE1800 | P42: 1601233066 | Q42: PB15040054214 | R42: PB15040054214 | S42: Đặng Văn Gia | T42: Đặng Văn Gia | U42: Ấp Tân Tiến, Xã Châu Pha, Thành phố Hồ Chí Minh | V42: Ấp Tân Tiến, Xã Châu Pha, Thành phố Hồ Chí Minh | W42: 0 | X42: CNVC | Y42: 2026 | Z42: 7 | AA42: 1 | AB42: 538634 | AC42: 43091 | AD42: 0 | AE42: 0 | AF42: DT | AG42: 13 | AH42: B1D0481ZA | AI42: 01K | AJ42: 0 | AK42: 008605 | AL42: 0 | AM42: 0 | AN42: 0 | AO42: 0 | AP42: NH | AQ42: 0 | AR42: 0 | AS42: 02/08/26 | AT42: 1864997 | AU42: K26TDA | AV42: 0 | AW42: 40943 | AX42: 0396087112 | AY42: T032022221100274218 | AZ42: 1-7/2026 | BA42: 581725 | BB42: CON NO | BC42: =RIGHT(AK42,5) -> 08605 | BD42: =AI42&"-"&BC42 -> 01K-08605
A43: =SUBTOTAL(103,$L$2:L43) -> 42 | B43: PB15040037358 | C43: Nguyễn Văn Bình | D43: Thôn Cát Hải, Phường Tân Hải, Thành phố Hồ Chí Minh | E43: B1D0531ZA | F43: 01L-01270 | G43: 7 | H43: 1833084 | I43: 0964772916 | J43: T032022221100176618 | L43: Nguyễn Bá Lạp | M43: 1601206189 | N43: =IF(COUNTIF($B$2:B43,B43)=1,1,0) -> 1 | O43: PE1800 | P43: 1601206189 | Q43: PB15040037358 | R43: PB15040037358 | S43: Nguyễn Văn Bình | T43: Nguyễn Văn Bình | U43: Thôn Cát Hải, Phường Tân Hải, Thành phố Hồ Chí Minh | V43: Thôn Cát Hải, Phường Tân Hải, Thành phố Hồ Chí Minh | W43: 0 | X43: NDAN | Y43: 2026 | Z43: 7 | AA43: 1 | AB43: 1697300 | AC43: 135784 | AD43: 0 | AE43: 0 | AF43: DT | AG43: 04 | AH43: B1D0531ZA | AI43: 01L | AJ43: 0 | AK43: 001270 | AL43: 0 | AM43: 0 | AN43: 0 | AO43: 0 | AP43: NH | AQ43: 0 | AR43: 0 | AS43: 02/08/26 | AT43: 1868112 | AU43: K26TDA | AV43: 0 | AW43: 34905 | AX43: 0964772916 | AY43: T032022221100176618 | AZ43: 1-7/2026 | BA43: 1833084 | BB43: CON NO | BC43: =RIGHT(AK43,5) -> 01270 | BD43: =AI43&"-"&BC43 -> 01L-01270
A44: =SUBTOTAL(103,$L$2:L44) -> 43 | B44: PB15040041998 | C44: Đoàn Văn Thảo | D44: Thôn Cát Hải, Phường Tân Hải, Thành phố Hồ Chí Minh | E44: B1D0531ZA | F44: 01L-06830 | G44: 7 | H44: 40712 | I44: 0906358197 | J44: T032022221100176615 | L44: Nguyễn Bá Lạp | M44: 1601206182 | N44: =IF(COUNTIF($B$2:B44,B44)=1,1,0) -> 1 | O44: PE1800 | P44: 1601206182 | Q44: PB15040041998 | R44: PB15040041998 | S44: Đoàn Văn Thảo | T44: Đoàn Văn Thảo | U44: Thôn Cát Hải, Phường Tân Hải, Thành phố Hồ Chí Minh | V44: Thôn Cát Hải, Phường Tân Hải, Thành phố Hồ Chí Minh | W44: 0 | X44: KHBT | Y44: 2026 | Z44: 7 | AA44: 1 | AB44: 37696 | AC44: 3016 | AD44: 0 | AE44: 0 | AF44: DT | AG44: 04 | AH44: B1D0531ZA | AI44: 01L | AJ44: 0 | AK44: 006830 | AL44: 0 | AM44: 0 | AN44: 0 | AO44: 0 | AP44: NH | AQ44: 0 | AR44: 0 | AS44: 02/08/26 | AT44: 1868134 | AU44: K26TDA | AV44: 0 | AW44: 34904 | AX44: 0906358197 | AY44: T032022221100176615 | AZ44: 1-7/2026 | BA44: 40712 | BB44: CON NO | BC44: =RIGHT(AK44,5) -> 06830 | BD44: =AI44&"-"&BC44 -> 01L-06830
A45: =SUBTOTAL(103,$L$2:L45) -> 44 | B45: PB15040070716 | C45: Nguyễn Văn Thuận | D45: Ấp Tân Châu, Xã Châu Pha, Thành phố Hồ Chí Minh | E45: B1D0482ZA | F45: 02K-01820 | G45: 7 | H45: 343786 | I45: 0335760553 | J45: T032022221100238088 | L45: Huỳnh Tấn Phát | M45: 1601200299 | N45: =IF(COUNTIF($B$2:B45,B45)=1,1,0) -> 1 | O45: PE1800 | P45: 1601200299 | Q45: PB15040070716 | R45: PB15040070716 | S45: Nguyễn Văn Thuận | T45: Nguyễn Văn Thuận | U45: Ấp Tân Châu, Xã Châu Pha, Thành phố Hồ Chí Minh | V45: Ấp Tân Châu, Xã Châu Pha, Thành phố Hồ Chí Minh | W45: 0 | X45: KHBT | Y45: 2026 | Z45: 7 | AA45: 1 | AB45: 318320 | AC45: 25466 | AD45: 0 | AE45: 0 | AF45: DT | AG45: 13 | AH45: B1D0482ZA | AI45: 02K | AJ45: 0 | AK45: 001820 | AL45: 0 | AM45: 0 | AN45: 0 | AO45: 0 | AP45: NH | AQ45: 0 | AR45: 0 | AS45: 02/08/26 | AT45: 1865057 | AU45: K26TDA | AV45: 0 | AW45: 33618 | AX45: 0335760553 | AY45: T032022221100238088 | AZ45: 1-7/2026 | BA45: 343786 | BB45: CON NO | BC45: =RIGHT(AK45,5) -> 01820 | BD45: =AI45&"-"&BC45 -> 02K-01820
A46: =SUBTOTAL(103,$L$2:L46) -> 45 | B46: PB15040006363 | C46: NG HUU THO | D46: Ấp Tân Châu, Xã Châu Pha, Thành phố Hồ Chí Minh | E46: B1D0482ZA | F46: 02K-02500 | G46: 7 | H46: 782471 | I46: 0916368849 | J46: T1020212110536352 | L46: Huỳnh Tấn Phát | M46: 1601200482 | N46: =IF(COUNTIF($B$2:B46,B46)=1,1,0) -> 1 | O46: PE1800 | P46: 1601200482 | Q46: PB15040006363 | R46: PB15040006363 | S46: NG HUU THO | T46: NG HUU THO | U46: Ấp Tân Châu, Xã Châu Pha, Thành phố Hồ Chí Minh | V46: Ấp Tân Châu, Xã Châu Pha, Thành phố Hồ Chí Minh | W46: 0 | X46: NDAN | Y46: 2026 | Z46: 7 | AA46: 1 | AB46: 724510 | AC46: 57961 | AD46: 0 | AE46: 0 | AF46: DT | AG46: 13 | AH46: B1D0482ZA | AI46: 02K | AJ46: 0 | AK46: 002500 | AL46: 0 | AM46: 0 | AN46: 0 | AO46: 0 | AP46: NH | AQ46: 0 | AR46: 0 | AS46: 02/08/26 | AT46: 1865079 | AU46: K26TDA | AV46: 0 | AW46: 33665 | AX46: 0916368849 | AY46: T1020212110536352 | AZ46: 1-7/2026 | BA46: 782471 | BB46: CON NO | BC46: =RIGHT(AK46,5) -> 02500 | BD46: =AI46&"-"&BC46 -> 02K-02500
A47: =SUBTOTAL(103,$L$2:L47) -> 46 | B47: PB15040073248 | C47: Nguyễn Ngọc Oanh | D47: Thửa 601/36 Ấp Tân Châu, Xã Châu Pha, Thành phố Hồ Chí Minh | E47: B1D0482ZA | F47: 02K-02525 | G47: 7 | H47: 546108 | I47: 0933193741 | J47: T032022221100272446 | L47: Huỳnh Tấn Phát | M47: 1601200388 | N47: =IF(COUNTIF($B$2:B47,B47)=1,1,0) -> 1 | O47: PE1800 | P47: 1601200388 | Q47: PB15040073248 | R47: PB15040073248 | S47: Nguyễn Ngọc Oanh | T47: Nguyễn Ngọc Oanh | U47: Thửa 601/36 Ấp Tân Châu, Xã Châu Pha, Thành phố Hồ Chí Minh | V47: Tổ 6Ấp Tân Châu, Xã Châu Pha, Thành phố Hồ Chí Minh | W47: 0 | X47: KHBT | Y47: 2026 | Z47: 7 | AA47: 1 | AB47: 505656 | AC47: 40452 | AD47: 0 | AE47: 0 | AF47: DT | AG47: 13 | AH47: B1D0482ZA | AI47: 02K | AJ47: 0 | AK47: 002525 | AL47: 0 | AM47: 0 | AN47: 0 | AO47: 0 | AP47: NH | AQ47: 0 | AR47: 0 | AS47: 02/08/26 | AT47: 1865081 | AU47: K26TDA | AV47: 0 | AW47: 33639 | AX47: 0933193741 | AY47: T032022221100272446 | AZ47: 1-7/2026 | BA47: 546108 | BB47: CON NO | BC47: =RIGHT(AK47,5) -> 02525 | BD47: =AI47&"-"&BC47 -> 02K-02525
... A56: =SUBTOTAL(103,$L$2:L56) -> 55 | B56: PB15040085417 | C56: Nguyễn Thị Gái | D56: Thửa 30 tờ 44 Tổ 4 Ấp Tân Trung, Xã Châu Pha, Thành phố Hồ Chí Minh, Việt Nam | E56: B1D0483ZA | F56: 03K-02182 | G56: 7 | H56: 6438 | I56: 0909153007 | J56: T03201818110331483 | L56: Huỳnh Tấn Phát | M56: 1601194225 | N56: =IF(COUNTIF($B$2:B56,B56)=1,1,0) -> 1 | O56: PE1800 | P56: 1601194225 | Q56: PB15040085417 | R56: PB15040085417 | S56: Nguyễn Thị Gái | T56: Nguyễn Thị Gái | U56: Thửa 30 tờ 44 Tổ 4 Ấp Tân Trung, Xã Châu Pha, Thành phố Hồ Chí Minh, Việt Nam | V56: Thửa 30 tờ 44 Tổ 4 Ấp Tân Trung, Xã Châu Pha, Thành phố Hồ Chí Minh, Việt Nam | W56: 1 | X56: KHBT | Y56: 2026 | Z56: 7 | AA56: 1 | AB56: 5961 | AC56: 477 | AD56: 0 | AE56: 0 | AF56: DT | AG56: 13 | AH56: B1D0483ZA | AI56: 03K | AJ56: 0 | AK56: 002182 | AL56: 0 | AM56: 0 | AN56: 0 | AO56: 0 | AP56: NH | AQ56: 0 | AR56: 0 | AS56: 02/08/26 | AT56: 1865168 | AU56: K26TDA | AV56: 0 | AW56: 32141 | AX56: 0909153007 | AY56: T03201818110331483 | AZ56: 1-7/2026 | BA56: 6438 | BB56: CON NO | BC56: =RIGHT(AK56,5) -> 02182 | BD56: =AI56&"-"&BC56 -> 03K-02182
A57: =SUBTOTAL(103,$L$2:L57) -> 56 | B57: PE18000006558 | C57: PHẠM THỊ YÊN | D57: Thửa đất 452, TBĐ 44, Ấp Tân Trung, Xã Châu Pha, Thành phố Hồ Chí Minh | E57: B1D0483ZA | F57: 03K-04680 | G57: 7 | H57: 332502 | I57: 0 | J57: M2B20202020149005 | L57: Huỳnh Tấn Phát | M57: 1601193887 | N57: =IF(COUNTIF($B$2:B57,B57)=1,1,0) -> 1 | O57: PE1800 | P57: 1601193887 | Q57: PE18000006558 | R57: PE18000006558 | S57: PHẠM THỊ YÊN | T57: PHẠM THỊ YÊN | U57: Thửa đất 452, TBĐ 44, Ấp Tân Trung, Xã Châu Pha, Thành phố Hồ Chí Minh | V57: Ấp Tân Trung, Xã Châu Pha, Thành phố Hồ Chí Minh | W57: 0 | X57: SH01 | Y57: 2026 | Z57: 7 | AA57: 1 | AB57: 307872 | AC57: 24630 | AD57: 0 | AE57: 0 | AF57: TM | AG57: 45 | AH57: B1D0483ZA | AI57: 03K | AJ57: 0 | AK57: 004680 | AL57: 0 | AM57: 0 | AN57: 0 | AO57: 0 | AP57: NH | AQ57: 0 | AR57: 0 | AS57: 02/08/26 | AT57: 1865221 | AU57: K26TDA | AV57: 0 | AW57: 32061 | AY57: M2B20202020149005 | AZ57: 1-7/2026 | BA57: 332502 | BB57: CON NO | BC57: =RIGHT(AK57,5) -> 04680 | BD57: =AI57&"-"&BC57 -> 03K-04680
A58: =SUBTOTAL(103,$L$2:L58) -> 57 | B58: PB15040062496 | C58: Thái Thị Thành | D58: Ấp Tân Châu, Xã Châu Pha, Thành phố Hồ Chí Minh, Việt Nam | E58: B1D0483ZA | F58: 03K-05170 | G58: 7 | H58: 282096 | I58: 0387245403 | J58: T032022221100233279 | L58: Huỳnh Tấn Phát | M58: 1601193958 | N58: =IF(COUNTIF($B$2:B58,B58)=1,1,0) -> 1 | O58: PE1800 | P58: 1601193958 | Q58: PB15040062496 | R58: PB15040062496 | S58: Thái Thị Thành | T58: Thái Thị Thành | U58: Ấp Tân Châu, Xã Châu Pha, Thành phố Hồ Chí Minh, Việt Nam | V58: Ấp Tân Châu, Xã Châu Pha, Thành phố Hồ Chí Minh, Việt Nam | W58: 0 | X58: KHBT | Y58: 2026 | Z58: 7 | AA58: 1 | AB58: 261200 | AC58: 20896 | AD58: 0 | AE58: 0 | AF58: DT | AG58: 13 | AH58: B1D0483ZA | AI58: 03K | AJ58: 0 | AK58: 005170 | AL58: 0 | AM58: 0 | AN58: 0 | AO58: 0 | AP58: NH | AQ58: 0 | AR58: 0 | AS58: 02/08/26 | AT58: 1865228 | AU58: K26TDA | AV58: 0 | AW58: 32073 | AX58: 0387245403 | AY58: T032022221100233279 | AZ58: 1-7/2026 | BA58: 282096 | BB58: CON NO | BC58: =RIGHT(AK58,5) -> 05170 | BD58: =AI58&"-"&BC58 -> 03K-05170
A59: =SUBTOTAL(103,$L$2:L59) -> 58 | B59: PB15040044874 | C59: Nguyễn Văn Đạt | D59: Thôn Cát Hải, Phường Tân Hải, Thành phố Hồ Chí Minh, Việt Nam | E59: B1D0241ZA | F59: 04D-06365 | G59: 7 | H59: 809514 | I59: 0967572288 | J59: T032022221100067693 | L59: Nguyễn Bá Lạp | M59: 1601186733 | N59: =IF(COUNTIF($B$2:B59,B59)=1,1,0) -> 1 | O59: PE1800 | P59: 1601186733 | Q59: PB15040044874 | R59: PB15040044874 | S59: Nguyễn Văn Đạt | T59: Nguyễn Văn Đạt | U59: Thôn Cát Hải, Phường Tân Hải, Thành phố Hồ Chí Minh, Việt Nam | V59: Thôn Cát Hải, Phường Tân Hải, Thành phố Hồ Chí Minh, Việt Nam | W59: 0 | X59: CNVC | Y59: 2026 | Z59: 7 | AA59: 1 | AB59: 749550 | AC59: 59964 | AD59: 0 | AE59: 0 | AF59: DT | AG59: 03 | AH59: B1D0241ZA | AI59: 04D | AJ59: 0 | AK59: 006365 | AL59: 0 | AM59: 0 | AN59: 0 | AO59: 0 | AP59: NH | AQ59: 0 | AR59: 0 | AS59: 02/08/26 | AT59: 1847626 | AU59: K26TDA | AV59: 0 | AW59: 30468 | AX59: 0967572288 | AY59: T032022221100067693 | AZ59: 1-7/2026 | BA59: 809514 | BB59: CON NO | BC59: =RIGHT(AK59,5) -> 06365 | BD59: =AI59&"-"&BC59 -> 04D-06365
A60: =SUBTOTAL(103,$L$2:L60) -> 59 | B60: PB15040003270 | C60: Nguyễn Thị Mỹ | D60: Ấp Phước Tấn, Phường Tân Hải, Thành phố Hồ Chí Minh | E60: B1D0242ZA | F60: 05D-00710 | G60: 7 | H60: 204552 | I60: 0914664653 | J60: T032022221100176686 | L60: Nguyễn Bá Lạp | M60: 1601183063 | N60: =IF(COUNTIF($B$2:B60,B60)=1,1,0) -> 1 | O60: PE1800 | P60: 1601183063 | Q60: PB15040003270 | R60: PB15040003270 | S60: Nguyễn Thị Mỹ | T60: Nguyễn Thị Mỹ | U60: Ấp Phước Tấn, Phường Tân Hải, Thành phố Hồ Chí Minh | V60: Ấp Phước Tấn, Phường Tân Hải, Thành phố Hồ Chí Minh | W60: 0 | X60: NDAN | Y60: 2026 | Z60: 7 | AA60: 1 | AB60: 189400 | AC60: 15152 | AD60: 0 | AE60: 0 | AF60: DT | AG60: 03 | AH60: B1D0242ZA | AI60: 05D | AJ60: 0 | AK60: 000710 | AL60: 0 | AM60: 0 | AN60: 0 | AO60: 0 | AP60: NH | AQ60: 0 | AR60: 0 | AS60: 02/08/26 | AT60: 1847707 | AU60: K26TDA | AV60: 0 | AW60: 29596 | AX60: 0914664653 | AY60: T032022221100176686 | AZ60: 1-7/2026 | BA60: 204552 | BB60: CON NO | BC60: =RIGHT(AK60,5) -> 00710 | BD60: =AI60&"-"&BC60 -> 05D-00710
A61: =SUBTOTAL(103,$L$2:L61) -> 60 | B61: PE18000002907 | C61: CÔNG TY CỔ PHẦN ĐẦU TƯ XÂY DỰNG PHẠM KHANG | D61: KP Phước Tấn, Phường Tân Phước, Thành phố Hồ Chí Minh | E61: B1D0242ZA | F61: 05D-01660 | G61: 7 | H61: 1802606 | I61: 0393300117 | J61: T042025251200021398 | L61: Nguyễn Bá Lạp | M61: 1601184462 | N61: =IF(COUNTIF($B$2:B61,B61)=1,1,0) -> 1 | O61: PE1800 | P61: 1601184462 | Q61: PE18000002907 | R61: PE18000002907 | S61: CÔNG TY CỔ PHẦN ĐẦU TƯ XÂY DỰNG PHẠM KHANG | T61: CÔNG TY CỔ PHẦN ĐẦU TƯ XÂY DỰNG PHẠM KHANG | U61: KP Phước Tấn, Phường Tân Phước, Thành phố Hồ Chí Minh | V61: Khu phố Trảng Lớn, Phường Tân Thành, Thành phố Hồ Chí Minh, Việt Nam | W61: 1 | X61: HCSN | Y61: 2026 | Z61: 7 | AA61: 1 | AB61: 1669080 | AC61: 133526 | AD61: 0 | AE61: 0 | AF61: TM | AG61: 44 | AH61: B1D0242ZA | AI61: 05D | AJ61: 0 | AK61: 001660 | AL61: 0 | AM61: 0 | AN61: 0 | AO61: 0 | AP61: NH | AQ61: 0 | AR61: 0 | AS61: 02/08/26 | AT61: 1847746 | AU61: K26TDA | AV61: 0 | AW61: 29910 | AX61: 0393300117 | AY61: T042025251200021398 | AZ61: 1-7/2026 | BA61: 1802606 | BB61: CON NO | BC61: =RIGHT(AK61,5) -> 01660 | BD61: =AI61&"-"&BC61 -> 05D-01660
A62: =SUBTOTAL(103,$L$2:L62) -> 61 | B62: PB15040073444 | C62: Bùi Thị Nhuyến | D62: Ấp Tân Long, Xã Châu Pha, Thành phố Hồ Chí Minh | E62: B1D0485ZA | F62: 05K-04240 | G62: 7 | H62: 441461 | I62: 0384433218 | J62: T032022221100140551 | L62: Huỳnh Tấn Phát | M62: 1601194501 | N62: =IF(COUNTIF($B$2:B62,B62)=1,1,0) -> 1 | O62: PE1800 | P62: 1601194501 | Q62: PB15040073444 | R62: PB15040073444 | S62: Bùi Thị Nhuyến | T62: Bùi Thị Nhuyến | U62: Ấp Tân Long, Xã Châu Pha, Thành phố Hồ Chí Minh | V62: Ấp Tân Long, Xã Châu Pha, Thành phố Hồ Chí Minh | W62: 0 | X62: KHBT | Y62: 2026 | Z62: 7 | AA62: 1 | AB62: 408760 | AC62: 32701 | AD62: 0 | AE62: 0 | AF62: DT | AG62: 13 | AH62: B1D0485ZA | AI62: 05K | AJ62: 0 | AK62: 004240 | AL62: 0 | AM62: 0 | AN62: 0 | AO62: 0 | AP62: NH | AQ62: 0 | AR62: 0 | AS62: 02/08/26 | AT62: 1865339 | AU62: K26TDA | AV62: 0 | AW62: 32208 | AX62: 0384433218 | AY62: T032022221100140551 | AZ62: 1-7/2026 | BA62: 441461 | BB62: CON NO | BC62: =RIGHT(AK62,5) -> 04240 | BD62: =AI62&"-"&BC62 -> 05K-04240
A63: =SUBTOTAL(103,$L$2:L63) -> 62 | B63: PB15040059694 | C63: Nguyễn Cường Phong | D63: Thôn Láng Cát, Phường Tân Hải, Thành phố Hồ Chí Minh | E63: B1D0534ZA | F63: 05L-02586 | G63: 7 | H63: 646482 | I63: 0937406857 | J63: T042024241200347702 | L63: Nguyễn Bá Lạp | M63: 1601204927 | N63: =IF(COUNTIF($B$2:B63,B63)=1,1,0) -> 1 | O63: PE1800 | P63: 1601204927 | Q63: PB15040059694 | R63: PB15040059694 | S63: Nguyễn Cường Phong | T63: Nguyễn Cường Phong | U63: Thôn Láng Cát, Phường Tân Hải, Thành phố Hồ Chí Minh | V63: Thôn Láng Cát, Phường Tân Hải, Thành phố Hồ Chí Minh | W63: 0 | X63: KHBT | Y63: 2026 | Z63: 7 | AA63: 1 | AB63: 598594 | AC63: 47888 | AD63: 0 | AE63: 0 | AF63: DT | AG63: 04 | AH63: B1D0534ZA | AI63: 05L | AJ63: 0 | AK63: 002586 | AL63: 0 | AM63: 0 | AN63: 0 | AO63: 0 | AP63: NH | AQ63: 0 | AR63: 0 | AS63: 02/08/26 | AT63: 1868315 | AU63: K26TDA | AV63: 0 | AW63: 34633 | AX63: 0937406857 | AY63: T042024241200347702 | AZ63: 1-7/2026 | BA63: 646482 | BB63: CON NO | BC63: =RIGHT(AK63,5) -> 02586 | BD63: =AI63&"-"&BC63 -> 05L-02586
A64: =SUBTOTAL(103,$L$2:L64) -> 63 | B64: PB15040012545 | C64: Nguyễn Hồng Thúy Hạnh | D64: Thôn Láng Cát, Phường Tân Hải, Thành phố Hồ Chí Minh | E64: B1D0535ZA | F64: 06L-04505 | G64: 7 | H64: 175770 | I64: 0913196465 | J64: T042025251200056562 | L64: Nguyễn Bá Lạp | M64: 1601204801 | N64: =IF(COUNTIF($B$2:B64,B64)=1,1,0) -> 1 | O64: PE1800 | P64: 1601204801 | Q64: PB15040012545 | R64: PB15040012545 | S64: Nguyễn Hồng Thúy Hạnh | T64: Nguyễn Hồng Thúy Hạnh | U64: Thôn Láng Cát, Phường Tân Hải, Thành phố Hồ Chí Minh | V64: Thôn Láng Cát, Phường Tân Hải, Thành phố Hồ Chí Minh | W64: 0 | X64: NDAN | Y64: 2026 | Z64: 7 | AA64: 1 | AB64: 162750 | AC64: 13020 | AD64: 0 | AE64: 0 | AF64: DT | AG64: 04 | AH64: B1D0535ZA | AI64: 06L | AJ64: 0 | AK64: 004505 | AL64: 0 | AM64: 0 | AN64: 0 | AO64: 0 | AP64: NH | AQ64: 0 | AR64: 0 | AS64: 02/08/26 | AT64: 1868373 | AU64: K26TDA | AV64: 0 | AW64: 34604 | AX64: 0913196465 | AY64: T042025251200056562 | AZ64: 1-7/2026 | BA64: 175770 | BB64: CON NO | BC64: =RIGHT(AK64,5) -> 04505 | BD64: =AI64&"-"&BC64 -> 06L-04505
A65: =SUBTOTAL(103,$L$2:L65) -> 64 | B65: PB15040006211 | C65: Đỗ Hữu Huề | D65: Ấp Tân Ro, Xã Châu Pha, Thành phố Hồ Chí Minh | E65: B1D0487ZA | F65: 07K-01350 | G65: 7 | H65: 539633 | I65: 0978428487 | J65: T032022221100272770 | L65: Huỳnh Tấn Phát | M65: 1601195960 | N65: =IF(COUNTIF($B$2:B65,B65)=1,1,0) -> 1 | O65: PE1800 | P65: 1601195960 | Q65: PB15040006211 | R65: PB15040006211 | S65: Đỗ Hữu Huề | T65: Đỗ Hữu Huề | U65: Ấp Tân Ro, Xã Châu Pha, Thành phố Hồ Chí Minh | V65: Ấp Tân Ro, Xã Châu Pha, Thành phố Hồ Chí Minh | W65: 0 | X65: KHBT | Y65: 2026 | Z65: 7 | AA65: 1 | AB65: 499660 | AC65: 39973 | AD65: 0 | AE65: 0 | AF65: DT | AG65: 13 | AH65: B1D0487ZA | AI65: 07K | AJ65: 0 | AK65: 001350 | AL65: 0 | AM65: 0 | AN65: 0 | AO65: 0 | AP65: NH | AQ65: 0 | AR65: 0 | AS65: 02/08/26 | AT65: 1865423 | AU65: K26TDA | AV65: 0 | AW65: 32543 | AX65: 0978428487 | AY65: T032022221100272770 | AZ65: 1-7/2026 | BA65: 539633 | BB65: CON NO | BC65: =RIGHT(AK65,5) -> 01350 | BD65: =AI65&"-"&BC65 -> 07K-01350
A66: =SUBTOTAL(103,$L$2:L66) -> 65 | B66: PB15040066258 | C66: Lê Vĩnh Tài | D66: Thửa 37/13, Ấp Tân Ro, Xã Châu Pha, Thành phố Hồ Chí Minh | E66: B1D0487ZA | F66: 07K-01812 | G66: 7 | H66: 717745 | I66: 0965466028 | J66: T032022221100272780 | L66: Huỳnh Tấn Phát | M66: 1601195991 | N66: =IF(COUNTIF($B$2:B66,B66)=1,1,0) -> 1 | O66: PE1800 | P66: 1601195991 | Q66: PB15040066258 | R66: PB15040066258 | S66: Lê Vĩnh Tài | T66: Lê Vĩnh Tài | U66: Thửa 37/13, Ấp Tân Ro, Xã Châu Pha, Thành phố Hồ Chí Minh | V66: Tổ 6, Ấp Tân Ro, Xã Châu Pha, Thành phố Hồ Chí Minh | W66: 0 | X66: KHBT | Y66: 2026 | Z66: 7 | AA66: 1 | AB66: 664579 | AC66: 53166 | AD66: 0 | AE66: 0 | AF66: DT | AG66: 13 | AH66: B1D0487ZA | AI66: 07K | AJ66: 0 | AK66: 001812 | AL66: 0 | AM66: 0 | AN66: 0 | AO66: 0 | AP66: NH | AQ66: 0 | AR66: 0 | AS66: 02/08/26 | AT66: 1865438 | AU66: K26TDA | AV66: 0 | AW66: 32555 | AX66: 0965466028 | AY66: T032022221100272780 | AZ66: 1-7/2026 | BA66: 717745 | BB66: CON NO | BC66: =RIGHT(AK66,5) -> 01812 | BD66: =AI66&"-"&BC66 -> 07K-01812
A67: =SUBTOTAL(103,$L$2:L67) -> 66 | B67: PB15040007186 | C67: Đỗ Văn Điền | D67: Thôn Chu Hải, Phường Tân Hải, Thành phố Hồ Chí Minh | E67: B1D0536ZA | F67: 07L-03600 | G67: 7 | H67: 1683612 | I67: 0937824846 | J67: T032022221100066073 | L67: Nguyễn Bá Lạp | M67: 1601205175 | N67: =IF(COUNTIF($B$2:B67,B67)=1,1,0) -> 1 | O67: PE1800 | P67: 1601205175 | Q67: PB15040007186 | R67: PB15040007186 | S67: Đỗ Văn Điền | T67: Đỗ Văn Điền | U67: Thôn Chu Hải, Phường Tân Hải, Thành phố Hồ Chí Minh | V67: Thôn Chu Hải, Phường Tân Hải, Thành phố Hồ Chí Minh | W67: 0 | X67: NDAN | Y67: 2026 | Z67: 7 | AA67: 1 | AB67: 1558900 | AC67: 124712 | AD67: 0 | AE67: 0 | AF67: DT | AG67: 04 | AH67: B1D0536ZA | AI67: 07L | AJ67: 0 | AK67: 003600 | AL67: 0 | AM67: 0 | AN67: 0 | AO67: 0 | AP67: NH | AQ67: 0 | AR67: 0 | AS67: 02/08/26 | AT67: 1868472 | AU67: K26TDA | AV67: 0 | AW67: 34695 | AX67: 0937824846 | AY67: T032022221100066073 | AZ67: 1-7/2026 | BA67: 1683612 | BB67: CON NO | BC67: =RIGHT(AK67,5) -> 03600 | BD67: =AI67&"-"&BC67 -> 07L-03600
A68: =SUBTOTAL(103,$L$2:L68) -> 67 | B68: PE18000006628 | C68: NGUYỄN VĂN CƯỜNG | D68: Thửa đất 699, TBĐ 28, Ấp Tân Lễ B, Xã Châu Pha, Thành phố Hồ Chí Minh | E68: B1D0488ZA | F68: 08K-00500 | G68: 7 | H68: 2143 | I68: 0 | J68: M2B20202020022332 | L68: Huỳnh Tấn Phát | M68: 1601196218 | N68: =IF(COUNTIF($B$2:B68,B68)=1,1,0) -> 1 | O68: PE1800 | P68: 1601196218 | Q68: PE18000006628 | R68: PE18000006628 | S68: NGUYỄN VĂN CƯỜNG | T68: NGUYỄN VĂN CƯỜNG | U68: Thửa đất 699, TBĐ 28, Ấp Tân Lễ B, Xã Châu Pha, Thành phố Hồ Chí Minh | V68: Ấp Tân Lễ B, Xã Châu Pha, Thành phố Hồ Chí Minh | W68: 0 | X68: SH01 | Y68: 2026 | Z68: 7 | AA68: 1 | AB68: 1984 | AC68: 159 | AD68: 0 | AE68: 0 | AF68: TM | AG68: 45 | AH68: B1D0488ZA | AI68: 08K | AJ68: 0 | AK68: 000500 | AL68: 0 | AM68: 0 | AN68: 0 | AO68: 0 | AP68: NH | AQ68: 0 | AR68: 0 | AS68: 02/08/26 | AT68: 1865469 | AU68: K26TDA | AV68: 0 | AW68: 32598 | AY68: M2B20202020022332 | AZ68: 1-7/2026 | BA68: 2143 | BB68: CON NO | BC68: =RIGHT(AK68,5) -> 00500 | BD68: =AI68&"-"&BC68 -> 08K-00500
A69: =SUBTOTAL(103,$L$2:L69) -> 68 | B69: PB15040039943 | C69: Bùi Văn Minh | D69: Thôn Phước Hải, Phường Tân Hải, Thành phố Hồ Chí Minh | E69: B1D0537ZA | F69: 08L-01162 | G69: 7 | H69: 546108 | I69: 0355566497 | J69: T032022221100241100 | L69: Nguyễn Bá Lạp | M69: 1601205305 | N69: =IF(COUNTIF($B$2:B69,B69)=1,1,0) -> 1 | O69: PE1800 | P69: 1601205305 | Q69: PB15040039943 | R69: PB15040039943 | S69: Bùi Văn Minh | T69: Bùi Văn Minh | U69: Thôn Phước Hải, Phường Tân Hải, Thành phố Hồ Chí Minh | V69: Thôn Phước Hải, Phường Tân Hải, Thành phố Hồ Chí Minh | W69: 0 | X69: NDAN | Y69: 2026 | Z69: 7 | AA69: 1 | AB69: 505656 | AC69: 40452 | AD69: 0 | AE69: 0 | AF69: DT | AG69: 04 | AH69: B1D0537ZA | AI69: 08L | AJ69: 0 | AK69: 001162 | AL69: 0 | AM69: 0 | AN69: 0 | AO69: 0 | AP69: NH | AQ69: 0 | AR69: 0 | AS69: 02/08/26 | AT69: 1868538 | AU69: K26TDA | AV69: 0 | AW69: 34724 | AX69: 0355566497 | AY69: T032022221100241100 | AZ69: 1-7/2026 | BA69: 546108 | BB69: CON NO | BC69: =RIGHT(AK69,5) -> 01162 | BD69: =AI69&"-"&BC69 -> 08L-01162
A70: =SUBTOTAL(103,$L$2:L70) -> 69 | B70: PB15040073124 | C70: Hộ Kinh doanh Bùi Văn Minh | D70: Thửa 1293 tờ 7 Thôn Phước Hải, Phường Tân Hải, Thành phố Hồ Chí Minh, Việt Nam | E70: B1D0537ZA | F70: 08L-01179 | G70: 7 | H70: 167608 | I70: 0355566497 | J70: T042023231200069417 | L70: Nguyễn Bá Lạp | M70: 1601205410 | N70: =IF(COUNTIF($B$2:B70,B70)=1,1,0) -> 1 | O70: PE1800 | P70: 1601205410 | Q70: PB15040073124 | R70: PB15040073124 | S70: Hộ Kinh doanh Bùi Văn Minh | T70: Hộ Kinh doanh Bùi Văn Minh | U70: Thửa 1293 tờ 7 Thôn Phước Hải, Phường Tân Hải, Thành phố Hồ Chí Minh, Việt Nam | V70: Thửa 1293 tờ 7 Thôn Phước Hải, Phường Tân Hải, Thành phố Hồ Chí Minh, Việt Nam | W70: 1 | X70: KHBT | Y70: 2026 | Z70: 7 | AA70: 1 | AB70: 155193 | AC70: 12415 | AD70: 0 | AE70: 0 | AF70: TM | AG70: 04 | AH70: B1D0537ZA | AI70: 08L | AJ70: 0 | AK70: 001179 | AL70: 0 | AM70: 0 | AN70: 0 | AO70: 0 | AP70: NH | AQ70: 0 | AR70: 0 | AS70: 02/08/26 | AT70: 1868545 | AU70: K26TDA | AV70: 0 | AW70: 34744 | AX70: 0355566497 | AY70: T042023231200069417 | AZ70: 1-7/2026 | BA70: 167608 | BB70: CON NO | BC70: =RIGHT(AK70,5) -> 01179 | BD70: =AI70&"-"&BC70 -> 08L-01179
A71: =SUBTOTAL(103,$L$2:L71) -> 70 | B71: PB15040034650 | C71: Bùi Văn Đoàn | D71: Ấp Phước Tấn, Phường Tân Hải, Thành phố Hồ Chí Minh | E71: B1D0246ZA | F71: 09D-07362 | G71: 7 | H71: 21427 | I71: 0376054464 | J71: T032022221100121853 | L71: Nguyễn Bá Lạp | M71: 1601186165 | N71: =IF(COUNTIF($B$2:B71,B71)=1,1,0) -> 1 | O71: PE1800 | P71: 1601186165 | Q71: PB15040034650 | R71: PB15040034650 | S71: Bùi Văn Đoàn | T71: Bùi Văn Đoàn | U71: Ấp Phước Tấn, Phường Tân Hải, Thành phố Hồ Chí Minh | V71: Ấp Phước Tấn, Phường Tân Hải, Thành phố Hồ Chí Minh | W71: 0 | X71: KHBT | Y71: 2026 | Z71: 7 | AA71: 1 | AB71: 19840 | AC71: 1587 | AD71: 0 | AE71: 0 | AF71: DT | AG71: 01 | AH71: B1D0246ZA | AI71: 09D | AJ71: 0 | AK71: 007362 | AL71: 0 | AM71: 0 | AN71: 0 | AO71: 0 | AP71: NH | AQ71: 0 | AR71: 0 | AS71: 02/08/26 | AT71: 1847895 | AU71: K26TDA | AV71: 0 | AW71: 30328 | AX71: 0376054464 | AY71: T032022221100121853 | AZ71: 1-7/2026 | BA71: 21427 | BB71: CON NO | BC71: =RIGHT(AK71,5) -> 07362 | BD71: =AI71&"-"&BC71 -> 09D-07362
A72: =SUBTOTAL(103,$L$2:L72) -> 71 | B72: PB15040027938 | C72: Đặng Thị Mỹ Lai | D72: Ấp Phước Long, Phường Tân Hải, Thành phố Hồ Chí Minh | E72: B1D0246ZA | F72: 09D-07950 | G72: 7 | H72: 720952 | I72: 0931209312 | J72: T032022221100240909 | L72: Nguyễn Bá Lạp | M72: 1601186011 | N72: =IF(COUNTIF($B$2:B72,B72)=1,1,0) -> 1 | O72: PE1800 | P72: 1601186011 | Q72: PB15040027938 | R72: PB15040027938 | S72: Đặng Thị Mỹ Lai | T72: Đặng Thị Mỹ Lai | U72: Ấp Phước Long, Phường Tân Hải, Thành phố Hồ Chí Minh | V72: Ấp Phước Long, Phường Tân Hải, Thành phố Hồ Chí Minh | W72: 0 | X72: KHBT | Y72: 2026 | Z72: 7 | AA72: 1 | AB72: 667548 | AC72: 53404 | AD72: 0 | AE72: 0 | AF72: DT | AG72: 01 | AH72: B1D0246ZA | AI72: 09D | AJ72: 0 | AK72: 007950 | AL72: 0 | AM72: 0 | AN72: 0 | AO72: 0 | AP72: NH | AQ72: 0 | AR72: 0 | AS72: 02/08/26 | AT72: 1848029 | AU72: K26TDA | AV72: 0 | AW72: 30293 | AX72: 0931209312 | AY72: T032022221100240909 | AZ72: 1-7/2026 | BA72: 720952 | BB72: CON NO | BC72: =RIGHT(AK72,5) -> 07950 | BD72: =AI72&"-"&BC72 -> 09D-07950
A73: =SUBTOTAL(103,$L$2:L73) -> 72 | B73: PB15040063529 | C73: Cao Thị Mầu | D73: Ấp Tân Sơn, Xã Châu Pha, Thành phố Hồ Chí Minh | E73: B1D0489ZA | F73: 09K-00980 | G73: 7 | H73: 472306 | I73: 0939712027 | J73: T032022221100303034 | L73: Huỳnh Tấn Phát | M73: 1601195948 | N73: =IF(COUNTIF($B$2:B73,B73)=1,1,0) -> 1 | O73: PE1800 | P73: 1601195948 | Q73: PB15040063529 | R73: PB15040063529 | S73: Cao Thị Mầu | T73: Cao Thị Mầu | U73: Ấp Tân Sơn, Xã Châu Pha, Thành phố Hồ Chí Minh | V73: Ấp Tân Sơn, Xã Châu Pha, Thành phố Hồ Chí Minh | W73: 0 | X73: CNVC | Y73: 2026 | Z73: 7 | AA73: 1 | AB73: 437320 | AC73: 34986 | AD73: 0 | AE73: 0 | AF73: DT | AG73: 13 | AH73: B1D0489ZA | AI73: 09K | AJ73: 0 | AK73: 000980 | AL73: 0 | AM73: 0 | AN73: 0 | AO73: 0 | AP73: NH | AQ73: 0 | AR73: 0 | AS73: 02/08/26 | AT73: 1865497 | AU73: K26TDA | AV73: 0 | AW73: 32542 | AX73: 0939712027 | AY73: T032022221100303034 | AZ73: 1-7/2026 | BA73: 472306 | BB73: CON NO | BC73: =RIGHT(AK73,5) -> 00980 | BD73: =AI73&"-"&BC73 -> 09K-00980
A74: =SUBTOTAL(103,$L$2:L74) -> 73 | B74: PE18000005331 | C74: BAN QUẢN LÝ DỰ ÁN ĐẦU TƯ XÂY DỰNG PHƯỜNG PHÚ MỸ | D74: Đường 29, Ấp Tân Trung, Xã Châu Pha, Thành phố Hồ Chí Minh | E74: B1D0489ZA | F74: 09K-01140 | G74: 5 | H74: 1447256 | I74: 0913603719 | J74: M2B20202020119912 | L74: Huỳnh Tấn Phát | M74: 1592588883 | N74: =IF(COUNTIF($B$2:B74,B74)=1,1,0) -> 1 | O74: PE1800 | P74: 1592588883 | Q74: PE18000005331 | R74: PB15040035971 | S74: BAN QUẢN LÝ DỰ ÁN ĐẦU TƯ XÂY DỰNG PHƯỜNG PHÚ MỸ | T74: BAN QUẢN LÝ DỰ ÁN ĐẦU TƯ XÂY DỰNG PHƯỜNG PHÚ MỸ | U74: Đường 29, Ấp Tân Trung, Xã Châu Pha, Thành phố Hồ Chí Minh | V74: Số 02 Lê Duẩn, Phường Phú Mỹ, Thành phố Hồ Chí Minh, Việt Nam | W74: 1 | X74: HCSN | Y74: 2026 | Z74: 5 | AA74: 1 | AB74: 1340052 | AC74: 107204 | AD74: 0 | AE74: 0 | AF74: TM | AG74: 45 | AH74: B1D0489ZA | AI74: 09K | AJ74: 0 | AK74: 001140 | AL74: 0 | AM74: 0 | AN74: 0 | AO74: 0 | AP74: NH | AQ74: 0 | AR74: 0 | AS74: 02/06/26 | AT74: 1389506 | AU74: K26TDA | AV74: 0 | AW74: 3676 | AX74: 0913603719 | AY74: M2B20202020119912 | AZ74: 1-5/2026 | BA74: 1447256 | BB74: CON NO | BC74: =RIGHT(AK74,5) -> 01140 | BD74: =AI74&"-"&BC74 -> 09K-01140
A75: =SUBTOTAL(103,$L$2:L75) -> 74 | B75: PE18000005331 | C75: BAN QUẢN LÝ DỰ ÁN ĐẦU TƯ XÂY DỰNG PHƯỜNG PHÚ MỸ | D75: Đường 29, Ấp Tân Trung, Xã Châu Pha, Thành phố Hồ Chí Minh | E75: B1D0489ZA | F75: 09K-01140 | G75: 6 | H75: 1444852 | I75: 0913603719 | J75: M2B20202020119912 | L75: Huỳnh Tấn Phát | M75: 1596934798 | N75: =IF(COUNTIF($B$2:B75,B75)=1,1,0) -> 0 | O75: PE1800 | P75: 1596934798 | Q75: PE18000005331 | R75: PB15040035971 | S75: BAN QUẢN LÝ DỰ ÁN ĐẦU TƯ XÂY DỰNG PHƯỜNG PHÚ MỸ | T75: BAN QUẢN LÝ DỰ ÁN ĐẦU TƯ XÂY DỰNG PHƯỜNG PHÚ MỸ | U75: Đường 29, Ấp Tân Trung, Xã Châu Pha, Thành phố Hồ Chí Minh | V75: Số 02 Lê Duẩn, Phường Phú Mỹ, Thành phố Hồ Chí Minh, Việt Nam | W75: 1 | X75: HCSN | Y75: 2026 | Z75: 6 | AA75: 1 | AB75: 1337826 | AC75: 107026 | AD75: 0 | AE75: 0 | AF75: TM | AG75: 45 | AH75: B1D0489ZA | AI75: 09K | AJ75: 0 | AK75: 001140 | AL75: 0 | AM75: 0 | AN75: 0 | AO75: 0 | AP75: NH | AQ75: 0 | AR75: 0 | AS75: 02/07/26 | AT75: 1628007 | AU75: K26TDA | AV75: 0 | AW75: 3910 | AX75: 0913603719 | AY75: M2B20202020119912 | AZ75: 1-6/2026 | BA75: 1444852 | BB75: CON NO | BC75: =RIGHT(AK75,5) -> 01140 | BD75: =AI75&"-"&BC75 -> 09K-01140
A76: =SUBTOTAL(103,$L$2:L76) -> 75 | B76: PE18000005331 | C76: BAN QUẢN LÝ DỰ ÁN ĐẦU TƯ XÂY DỰNG PHƯỜNG PHÚ MỸ | D76: Đường 29, Ấp Tân Trung, Xã Châu Pha, Thành phố Hồ Chí Minh | E76: B1D0489ZA | F76: 09K-01140 | G76: 7 | H76: 1541015 | I76: 0913603719 | J76: M2B20202020119912 | L76: Huỳnh Tấn Phát | M76: 1601196001 | N76: =IF(COUNTIF($B$2:B76,B76)=1,1,0) -> 0 | O76: PE1800 | P76: 1601196001 | Q76: PE18000005331 | R76: PB15040035971 | S76: BAN QUẢN LÝ DỰ ÁN ĐẦU TƯ XÂY DỰNG PHƯỜNG PHÚ MỸ | T76: BAN QUẢN LÝ DỰ ÁN ĐẦU TƯ XÂY DỰNG PHƯỜNG PHÚ MỸ | U76: Đường 29, Ấp Tân Trung, Xã Châu Pha, Thành phố Hồ Chí Minh | V76: Số 02 Lê Duẩn, Phường Phú Mỹ, Thành phố Hồ Chí Minh, Việt Nam | W76: 1 | X76: KHNS | Y76: 2026 | Z76: 7 | AA76: 1 | AB76: 1426866 | AC76: 114149 | AD76: 0 | AE76: 0 | AF76: TM | AG76: 45 | AH76: B1D0489ZA | AI76: 09K | AJ76: 0 | AK76: 001140 | AL76: 0 | AM76: 0 | AN76: 0 | AO76: 0 | AP76: NH | AQ76: 0 | AR76: 0 | AS76: 02/08/26 | AT76: 1865501 | AU76: K26TDA | AV76: 0 | AW76: 32556 | AX76: 0913603719 | AY76: M2B20202020119912 | AZ76: 1-7/2026 | BA76: 1541015 | BB76: CON NO | BC76: =RIGHT(AK76,5) -> 01140 | BD76: =AI76&"-"&BC76 -> 09K-01140
A77: =SUBTOTAL(103,$L$2:L77) -> 76 | B77: PB15040057738 | C77: Nguyễn Thị Hiền | D77: Ấp Tân Sơn, Xã Châu Pha, Thành phố Hồ Chí Minh | E77: B1D0489ZA | F77: 09K-01405 | G77: 7 | H77: 333504 | I77: 0932127947 | J77: T032022221100272729 | L77: Huỳnh Tấn Phát | M77: 1601195860 | N77: =IF(COUNTIF($B$2:B77,B77)=1,1,0) -> 1 | O77: PE1800 | P77: 1601195860 | Q77: PB15040057738 | R77: PB15040057738 | S77: Nguyễn Thị Hiền | T77: Nguyễn Thị Hiền | U77: Ấp Tân Sơn, Xã Châu Pha, Thành phố Hồ Chí Minh | V77: Ấp Tân Sơn, Xã Châu Pha, Thành phố Hồ Chí Minh | W77: 0 | X77: CNVC | Y77: 2026 | Z77: 7 | AA77: 1 | AB77: 308800 | AC77: 24704 | AD77: 0 | AE77: 0 | AF77: DT | AG77: 13 | AH77: B1D0489ZA | AI77: 09K | AJ77: 0 | AK77: 001405 | AL77: 0 | AM77: 0 | AN77: 0 | AO77: 0 | AP77: NH | AQ77: 0 | AR77: 0 | AS77: 02/08/26 | AT77: 1865512 | AU77: K26TDA | AV77: 0 | AW77: 32520 | AX77: 0932127947 | AY77: T032022221100272729 | AZ77: 1-7/2026 | BA77: 333504 | BB77: CON NO | BC77: =RIGHT(AK77,5) -> 01405 | BD77: =AI77&"-"&BC77 -> 09K-01405
A78: =SUBTOTAL(103,$L$2:L78) -> 77 | B78: PB15040073660 | C78: Vũ Minh Đạt | D78: Thửa 499/33 Ấp Tân Sơn, Xã Châu Pha, Thành phố Hồ Chí Minh | E78: B1D0489ZA | F78: 09K-01625 | G78: 7 | H78: 142560 | I78: 0938429368 | J78: T032022221100128903 | L78: Huỳnh Tấn Phát | M78: 1601195875 | N78: =IF(COUNTIF($B$2:B78,B78)=1,1,0) -> 1 | O78: PE1800 | P78: 1601195875 | Q78: PB15040073660 | R78: PB15040073660 | S78: Vũ Minh Đạt | T78: Vũ Minh Đạt | U78: Thửa 499/33 Ấp Tân Sơn, Xã Châu Pha, Thành phố Hồ Chí Minh | V78: Ấp Tân Sơn, Xã Châu Pha, Thành phố Hồ Chí Minh | W78: 0 | X78: KHBT | Y78: 2026 | Z78: 7 | AA78: 1 | AB78: 132000 | AC78: 10560 | AD78: 0 | AE78: 0 | AF78: DT | AG78: 13 | AH78: B1D0489ZA | AI78: 09K | AJ78: 0 | AK78: 001625 | AL78: 0 | AM78: 0 | AN78: 0 | AO78: 0 | AP78: NH | AQ78: 0 | AR78: 0 | AS78: 02/08/26 | AT78: 1865520 | AU78: K26TDA | AV78: 0 | AW78: 32523 | AX78: 0938429368 | AY78: T032022221100128903 | AZ78: 1-7/2026 | BA78: 142560 | BB78: CON NO | BC78: =RIGHT(AK78,5) -> 01625 | BD78: =AI78&"-"&BC78 -> 09K-01625
A79: =SUBTOTAL(103,$L$2:L79) -> 78 | B79: PB15040013937 | C79: Nguyễn Phan Phước Lực | D79: Ấp Tân Sơn, Xã Châu Pha, Thành phố Hồ Chí Minh | E79: B1D0489ZA | F79: 09K-02924 | G79: 7 | H79: 1425773 | I79: 0933125627 | J79: T032022221100272463 | L79: Huỳnh Tấn Phát | M79: 1601195980 | N79: =IF(COUNTIF($B$2:B79,B79)=1,1,0) -> 1 | O79: PE1800 | P79: 1601195980 | Q79: PB15040013937 | R79: PB15040013937 | S79: Nguyễn Phan Phước Lực | T79: Nguyễn Phan Phước Lực | U79: Ấp Tân Sơn, Xã Châu Pha, Thành phố Hồ Chí Minh | V79: Ấp Tân Sơn, Xã Châu Pha, Thành phố Hồ Chí Minh | W79: 0 | X79: KHBT | Y79: 2026 | Z79: 7 | AA79: 1 | AB79: 1320160 | AC79: 105613 | AD79: 0 | AE79: 0 | AF79: DT | AG79: 13 | AH79: B1D0489ZA | AI79: 09K | AJ79: 0 | AK79: 002924 | AL79: 0 | AM79: 0 | AN79: 0 | AO79: 0 | AP79: NH | AQ79: 0 | AR79: 0 | AS79: 02/08/26 | AT79: 1865549 | AU79: K26TDA | AV79: 0 | AW79: 32553 | AX79: 0933125627 | AY79: T032022221100272463 | AZ79: 1-7/2026 | BA79: 1425773 | BB79: CON NO | BC79: =RIGHT(AK79,5) -> 02924 | BD79: =AI79&"-"&BC79 -> 09K-02924
A80: =SUBTOTAL(103,$L$2:L80) -> 79 | B80: PB15040056421 | C80: Phạm Thị Tuyết | D80: Thôn Nam Hải, Phường Tân Hải, Thành phố Hồ Chí Minh | E80: B1D0538ZA | F80: 09L-01010 | G80: 7 | H80: 312941 | I80: 0364393763 | J80: T03201818110044340 | L80: Nguyễn Bá Lạp | M80: 1601205511 | N80: =IF(COUNTIF($B$2:B80,B80)=1,1,0) -> 1 | O80: PE1800 | P80: 1601205511 | Q80: PB15040056421 | R80: PB15040056421 | S80: Phạm Thị Tuyết | T80: Phạm Thị Tuyết | U80: Thôn Nam Hải, Phường Tân Hải, Thành phố Hồ Chí Minh | V80: Thôn Nam Hải, Phường Tân Hải, Thành phố Hồ Chí Minh | W80: 0 | X80: CNVC | Y80: 2026 | Z80: 7 | AA80: 1 | AB80: 289760 | AC80: 23181 | AD80: 0 | AE80: 0 | AF80: DT | AG80: 04 | AH80: B1D0538ZA | AI80: 09L | AJ80: 0 | AK80: 001010 | AL80: 0 | AM80: 0 | AN80: 0 | AO80: 0 | AP80: NH | AQ80: 0 | AR80: 0 | AS80: 02/08/26 | AT80: 1868594 | AU80: K26TDA | AV80: 0 | AW80: 34769 | AX80: 0364393763 | AY80: T03201818110044340 | AZ80: 1-7/2026 | BA80: 312941 | BB80: CON NO | BC80: =RIGHT(AK80,5) -> 01010 | BD80: =AI80&"-"&BC80 -> 09L-01010
A81: =SUBTOTAL(103,$L$2:L81) -> 80 | B81: PB15040048557 | C81: Vũ Văn Phiểu | D81: Thôn Nam Hải, Phường Tân Hải, Thành phố Hồ Chí Minh | E81: B1D0538ZA | F81: 09L-01500 | G81: 7 | H81: 10714 | I81: 0 | J81: T1020212110546625 | L81: Nguyễn Bá Lạp | M81: 1601205485 | N81: =IF(COUNTIF($B$2:B81,B81)=1,1,0) -> 1 | O81: PE1800 | P81: 1601205485 | Q81: PB15040048557 | R81: PB15040048557 | S81: Vũ Văn Phiểu | T81: Vũ Văn Phiểu | U81: Thôn Nam Hải, Phường Tân Hải, Thành phố Hồ Chí Minh | V81: Thôn Nam Hải, Phường Tân Hải, Thành phố Hồ Chí Minh | W81: 0 | X81: CNVC | Y81: 2026 | Z81: 7 | AA81: 1 | AB81: 9920 | AC81: 794 | AD81: 0 | AE81: 0 | AF81: DT | AG81: 04 | AH81: B1D0538ZA | AI81: 09L | AJ81: 0 | AK81: 001500 | AL81: 0 | AM81: 0 | AN81: 0 | AO81: 0 | AP81: NH | AQ81: 0 | AR81: 0 | AS81: 02/08/26 | AT81: 1868597 | AU81: K26TDA | AV81: 0 | AW81: 34764 | AY81: T1020212110546625 | AZ81: 1-7/2026 | BA81: 10714 | BB81: CON NO | BC81: =RIGHT(AK81,5) -> 01500 | BD81: =AI81&"-"&BC81 -> 09L-01500
A82: =SUBTOTAL(103,$L$2:L82) -> 81 | B82: PB15040028952 | C82: Phạm Thị Nguyệt | D82: Ấp Tân Lễ B, Xã Châu Pha, Thành phố Hồ Chí Minh | E82: B1D0490ZA | F82: 10K-00505 | G82: 7 | H82: 405475 | I82: 0908287364 | J82: T032022221100120615 | L82: Huỳnh Tấn Phát | M82: 1601196086 | N82: =IF(COUNTIF($B$2:B82,B82)=1,1,0) -> 1 | O82: PE1800 | P82: 1601196086 | Q82: PB15040028952 | R82: PB15040028952 | S82: Phạm Thị Nguyệt | T82: Phạm Thị Nguyệt | U82: Ấp Tân Lễ B, Xã Châu Pha, Thành phố Hồ Chí Minh | V82: Ấp Tân Lễ B, Xã Châu Pha, Thành phố Hồ Chí Minh | W82: 0 | X82: KHBT | Y82: 2026 | Z82: 7 | AA82: 1 | AB82: 375440 | AC82: 30035 | AD82: 0 | AE82: 0 | AF82: DT | AG82: 13 | AH82: B1D0490ZA | AI82: 10K | AJ82: 0 | AK82: 000505 | AL82: 0 | AM82: 0 | AN82: 0 | AO82: 0 | AP82: NH | AQ82: 0 | AR82: 0 | AS82: 02/08/26 | AT82: 1865571 | AU82: K26TDA | AV82: 0 | AW82: 32575 | AX82: 0908287364 | AY82: T032022221100120615 | AZ82: 1-7/2026 | BA82: 405475 | BB82: CON NO | BC82: =RIGHT(AK82,5) -> 00505 | BD82: =AI82&"-"&BC82 -> 10K-00505
A83: =SUBTOTAL(103,$L$2:L83) -> 82 | B83: PB15040009662 | C83: Lê Văn Nghịnh | D83: Ấp Tân Lễ B, Xã Châu Pha, Thành phố Hồ Chí Minh | E83: B1D0490ZA | F83: 10K-00900 | G83: 7 | H83: 135918 | I83: 0906752468 | J83: T032022221100240329 | L83: Huỳnh Tấn Phát | M83: 1601196057 | N83: =IF(COUNTIF($B$2:B83,B83)=1,1,0) -> 1 | O83: PE1800 | P83: 1601196057 | Q83: PB15040009662 | R83: PB15040009662 | S83: Lê Văn Nghịnh | T83: Lê Văn Nghịnh | U83: Ấp Tân Lễ B, Xã Châu Pha, Thành phố Hồ Chí Minh | V83: Ấp Tân Lễ B, Xã Châu Pha, Thành phố Hồ Chí Minh | W83: 0 | X83: KHBT | Y83: 2026 | Z83: 7 | AA83: 1 | AB83: 125850 | AC83: 10068 | AD83: 0 | AE83: 0 | AF83: DT | AG83: 13 | AH83: B1D0490ZA | AI83: 10K | AJ83: 0 | AK83: 000900 | AL83: 0 | AM83: 0 | AN83: 0 | AO83: 0 | AP83: NH | AQ83: 0 | AR83: 0 | AS83: 02/08/26 | AT83: 1865579 | AU83: K26TDA | AV83: 0 | AW83: 32570 | AX83: 0906752468 | AY83: T032022221100240329 | AZ83: 1-7/2026 | BA83: 135918 | BB83: CON NO | BC83: =RIGHT(AK83,5) -> 00900 | BD83: =AI83&"-"&BC83 -> 10K-00900
A84: =SUBTOTAL(103,$L$2:L84) -> 83 | B84: PB15040026168 | C84: Bùi Thị Nhiệm | D84: Thôn Phước Hải, Phường Tân Hải, Thành phố Hồ Chí Minh | E84: B1D0539ZA | F84: 10L-03600 | G84: 7 | H84: 763044 | I84: 0369234329 | J84: T032022221100143029 | L84: Nguyễn Bá Lạp | M84: 1601208657 | N84: =IF(COUNTIF($B$2:B84,B84)=1,1,0) -> 1 | O84: PE1800 | P84: 1601208657 | Q84: PB15040026168 | R84: PB15040026168 | S84: Bùi Thị Nhiệm | T84: Bùi Thị Nhiệm | U84: Thôn Phước Hải, Phường Tân Hải, Thành phố Hồ Chí Minh | V84: Thôn Phước Hải, Phường Tân Hải, Thành phố Hồ Chí Minh | W84: 0 | X84: KHBT | Y84: 2026 | Z84: 7 | AA84: 1 | AB84: 706522 | AC84: 56522 | AD84: 0 | AE84: 0 | AF84: DT | AG84: 04 | AH84: B1D0539ZA | AI84: 10L | AJ84: 0 | AK84: 003600 | AL84: 0 | AM84: 0 | AN84: 0 | AO84: 0 | AP84: NH | AQ84: 0 | AR84: 0 | AS84: 02/08/26 | AT84: 1868700 | AU84: K26TDA | AV84: 0 | AW84: 35532 | AX84: 0369234329 | AY84: T032022221100143029 | AZ84: 1-7/2026 | BA84: 763044 | BB84: CON NO | BC84: =RIGHT(AK84,5) -> 03600 | BD84: =AI84&"-"&BC84 -> 10L-03600
A85: =SUBTOTAL(103,$L$2:L85) -> 84 | B85: PB15040076170 | C85: Bùi Minh Tân | D85: Thôn Chu Hải, Phường Tân Hải, Thành phố Hồ Chí Minh | E85: B1D0541ZA | F85: 12L-00900 | G85: 7 | H85: 986796 | I85: 0963462664 | J85: M2B20202020092075 | L85: Nguyễn Bá Lạp | M85: 1601202590 | N85: =IF(COUNTIF($B$2:B85,B85)=1,1,0) -> 1 | O85: PE1800 | P85: 1601202590 | Q85: PB15040076170 | R85: PB15040076170 | S85: Bùi Minh Tân | T85: Bùi Minh Tân | U85: Thôn Chu Hải, Phường Tân Hải, Thành phố Hồ Chí Minh | V85: Thôn Chu Hải, Phường Tân Hải, Thành phố Hồ Chí Minh | W85: 0 | X85: KHBT | Y85: 2026 | Z85: 7 | AA85: 1 | AB85: 913700 | AC85: 73096 | AD85: 0 | AE85: 0 | AF85: DT | AG85: 04 | AH85: B1D0541ZA | AI85: 12L | AJ85: 0 | AK85: 000900 | AL85: 0 | AM85: 0 | AN85: 0 | AO85: 0 | AP85: NH | AQ85: 0 | AR85: 0 | AS85: 02/08/26 | AT85: 1868772 | AU85: K26TDA | AV85: 0 | AW85: 34131 | AX85: 0963462664 | AY85: M2B20202020092075 | AZ85: 1-7/2026 | BA85: 986796 | BB85: CON NO | BC85: =RIGHT(AK85,5) -> 00900 | BD85: =AI85&"-"&BC85 -> 12L-00900
A86: =SUBTOTAL(103,$L$2:L86) -> 85 | B86: PB15040007310 | C86: Trần Thị Lụa | D86: Thửa 566 tờ 36, Thôn Chu Hải, Phường Tân Hải, Thành phố Hồ Chí Minh | E86: B1D0541ZA | F86: 12L-00907 | G86: 7 | H86: 1017665 | I86: 0963462664 | J86: M2B20202020054673 | L86: Nguyễn Bá Lạp | M86: 1601202581 | N86: =IF(COUNTIF($B$2:B86,B86)=1,1,0) -> 1 | O86: PE1800 | P86: 1601202581 | Q86: PB15040007310 | R86: PB15040007310 | S86: Trần Thị Lụa | T86: Trần Thị Lụa | U86: Thửa 566 tờ 36, Thôn Chu Hải, Phường Tân Hải, Thành phố Hồ Chí Minh | V86: Thôn Chu Hải, Phường Tân Hải, Thành phố Hồ Chí Minh | W86: 0 | X86: KHBT | Y86: 2026 | Z86: 7 | AA86: 1 | AB86: 942282 | AC86: 75383 | AD86: 0 | AE86: 0 | AF86: DT | AG86: 04 | AH86: B1D0541ZA | AI86: 12L | AJ86: 0 | AK86: 000907 | AL86: 0 | AM86: 0 | AN86: 0 | AO86: 0 | AP86: NH | AQ86: 0 | AR86: 0 | AS86: 02/08/26 | AT86: 1868774 | AU86: K26TDA | AV86: 0 | AW86: 34129 | AX86: 0963462664 | AY86: M2B20202020054673 | AZ86: 1-7/2026 | BA86: 1017665 | BB86: CON NO | BC86: =RIGHT(AK86,5) -> 00907 | BD86: =AI86&"-"&BC86 -> 12L-00907
A87: =SUBTOTAL(103,$L$2:L87) -> 86 | B87: PB15040029769 | C87: Nguyễn Thành Tâm | D87: Ấp Phước Thành, Phường Tân Hải, Thành phố Hồ Chí Minh | E87: B1D0253ZA | F87: 13D-00650 | G87: 7 | H87: 1821874 | I87: 0337210887 | J87: T032022221100157568 | L87: Nguyễn Bá Lạp | M87: 1601189486 | N87: =IF(COUNTIF($B$2:B87,B87)=1,1,0) -> 1 | O87: PE1800 | P87: 1601189486 | Q87: PB15040029769 | R87: PB15040029769 | S87: Nguyễn Thành Tâm | T87: Nguyễn Thành Tâm | U87: Ấp Phước Thành, Phường Tân Hải, Thành phố Hồ Chí Minh | V87: Ấp Phước Thành, Phường Tân Hải, Thành phố Hồ Chí Minh | W87: 0 | X87: KHBT | Y87: 2026 | Z87: 7 | AA87: 1 | AB87: 1686920 | AC87: 134954 | AD87: 0 | AE87: 0 | AF87: DT | AG87: 03 | AH87: B1D0253ZA | AI87: 13D | AJ87: 0 | AK87: 000650 | AL87: 0 | AM87: 0 | AN87: 0 | AO87: 0 | AP87: NH | AQ87: 0 | AR87: 0 | AS87: 02/08/26 | AT87: 1848512 | AU87: K26TDA | AV87: 0 | AW87: 31109 | AX87: 0337210887 | AY87: T032022221100157568 | AZ87: 1-7/2026 | BA87: 1821874 | BB87: CON NO | BC87: =RIGHT(AK87,5) -> 00650 | BD87: =AI87&"-"&BC87 -> 13D-00650
A88: =SUBTOTAL(103,$L$2:L88) -> 87 | B88: PB15040029785 | C88: Nguyễn Thị Hiên | D88: Ấp Phước Thành, Xã Châu Pha, Thành phố Hồ Chí Minh | E88: B1D0253ZA | F88: 13D-01100 | G88: 7 | H88: 162486 | I88: 0377734515 | J88: T032022221100157572 | L88: Nguyễn Bá Lạp | M88: 1601189513 | N88: =IF(COUNTIF($B$2:B88,B88)=1,1,0) -> 1 | O88: PE1800 | P88: 1601189513 | Q88: PB15040029785 | R88: PB15040029785 | S88: Nguyễn Thị Hiên | T88: Nguyễn Thị Hiên | U88: Ấp Phước Thành, Xã Châu Pha, Thành phố Hồ Chí Minh | V88: Ấp Phước Thành, Xã Châu Pha, Thành phố Hồ Chí Minh | W88: 0 | X88: KHBT | Y88: 2026 | Z88: 7 | AA88: 1 | AB88: 150450 | AC88: 12036 | AD88: 0 | AE88: 0 | AF88: DT | AG88: 03 | AH88: B1D0253ZA | AI88: 13D | AJ88: 0 | AK88: 001100 | AL88: 0 | AM88: 0 | AN88: 0 | AO88: 0 | AP88: NH | AQ88: 0 | AR88: 0 | AS88: 02/08/26 | AT88: 1848518 | AU88: K26TDA | AV88: 0 | AW88: 31115 | AX88: 0377734515 | AY88: T032022221100157572 | AZ88: 1-7/2026 | BA88: 162486 | BB88: CON NO | BC88: =RIGHT(AK88,5) -> 01100 | BD88: =AI88&"-"&BC88 -> 13D-01100
A89: =SUBTOTAL(103,$L$2:L89) -> 88 | B89: PB15040035326 | C89: Phùng Ngọc Anh | D89: Ấp Phước Thành, Phường Tân Hải, Thành phố Hồ Chí Minh | E89: B1D0253ZA | F89: 13D-01150 | G89: 7 | H89: 72852 | I89: 0 | J89: T032022221100141184 | L89: Nguyễn Bá Lạp | M89: 1601189460 | N89: =IF(COUNTIF($B$2:B89,B89)=1,1,0) -> 1 | O89: PE1800 | P89: 1601189460 | Q89: PB15040035326 | R89: PB15040035326 | S89: Phùng Ngọc Anh | T89: Phùng Ngọc Anh | U89: Ấp Phước Thành, Phường Tân Hải, Thành phố Hồ Chí Minh | V89: Ấp Phước Thành, Phường Tân Hải, Thành phố Hồ Chí Minh | W89: 0 | X89: NDAN | Y89: 2026 | Z89: 7 | AA89: 1 | AB89: 67456 | AC89: 5396 | AD89: 0 | AE89: 0 | AF89: DT | AG89: 03 | AH89: B1D0253ZA | AI89: 13D | AJ89: 0 | AK89: 001150 | AL89: 0 | AM89: 0 | AN89: 0 | AO89: 0 | AP89: NH | AQ89: 0 | AR89: 0 | AS89: 02/08/26 | AT89: 1848519 | AU89: K26TDA | AV89: 0 | AW89: 31104 | AY89: T032022221100141184 | AZ89: 1-7/2026 | BA89: 72852 | BB89: CON NO | BC89: =RIGHT(AK89,5) -> 01150 | BD89: =AI89&"-"&BC89 -> 13D-01150
A90: =SUBTOTAL(103,$L$2:L90) -> 89 | B90: PB15040036229 | C90: Phạm Thị Phú | D90: Ấp Phước Thành, Phường Tân Hải, Thành phố Hồ Chí Minh | E90: B1D0253ZA | F90: 13D-02900 | G90: 7 | H90: 348926 | I90: 0358127213 | J90: T032022221100157792 | L90: Nguyễn Bá Lạp | M90: 1601189511 | N90: =IF(COUNTIF($B$2:B90,B90)=1,1,0) -> 1 | O90: PE1800 | P90: 1601189511 | Q90: PB15040036229 | R90: PB15040036229 | S90: Phạm Thị Phú | T90: Phạm Thị Phú | U90: Ấp Phước Thành, Phường Tân Hải, Thành phố Hồ Chí Minh | V90: Ấp Phước Thành, Phường Tân Hải, Thành phố Hồ Chí Minh | W90: 0 | X90: NDAN | Y90: 2026 | Z90: 7 | AA90: 1 | AB90: 323080 | AC90: 25846 | AD90: 0 | AE90: 0 | AF90: DT | AG90: 03 | AH90: B1D0253ZA | AI90: 13D | AJ90: 0 | AK90: 002900 | AL90: 0 | AM90: 0 | AN90: 0 | AO90: 0 | AP90: NH | AQ90: 0 | AR90: 0 | AS90: 02/08/26 | AT90: 1848584 | AU90: K26TDA | AV90: 0 | AW90: 31114 | AX90: 0358127213 | AY90: T032022221100157792 | AZ90: 1-7/2026 | BA90: 348926 | BB90: CON NO | BC90: =RIGHT(AK90,5) -> 02900 | BD90: =AI90&"-"&BC90 -> 13D-02900
A91: =SUBTOTAL(103,$L$2:L91) -> 90 | B91: PB15040030280 | C91: Nguyễn Trọng Hiệp | D91: Ấp Tân Châu, Xã Châu Pha, Thành phố Hồ Chí Minh, Việt Nam | E91: B1D0491ZA | F91: 13K-02000 | G91: 7 | H91: 1216512 | I91: 0789116667 | J91: T032022221100274612 | L91: Huỳnh Tấn Phát | M91: 1601196688 | N91: =IF(COUNTIF($B$2:B91,B91)=1,1,0) -> 1 | O91: PE1800 | P91: 1601196688 | Q91: PB15040030280 | R91: PB15040030280 | S91: Nguyễn Trọng Hiệp | T91: Nguyễn Trọng Hiệp | U91: Ấp Tân Châu, Xã Châu Pha, Thành phố Hồ Chí Minh, Việt Nam | V91: Ấp Tân Châu, Xã Châu Pha, Thành phố Hồ Chí Minh, Việt Nam | W91: 0 | X91: NDAN | Y91: 2026 | Z91: 7 | AA91: 1 | AB91: 1126400 | AC91: 90112 | AD91: 0 | AE91: 0 | AF91: DT | AG91: 13 | AH91: B1D0491ZA | AI91: 13K | AJ91: 0 | AK91: 002000 | AL91: 0 | AM91: 0 | AN91: 0 | AO91: 0 | AP91: NH | AQ91: 0 | AR91: 0 | AS91: 02/08/26 | AT91: 1865623 | AU91: K26TDA | AV91: 0 | AW91: 32710 | AX91: 0789116667 | AY91: T032022221100274612 | AZ91: 1-7/2026 | BA91: 1216512 | BB91: CON NO | BC91: =RIGHT(AK91,5) -> 02000 | BD91: =AI91&"-"&BC91 -> 13K-02000
A92: =SUBTOTAL(103,$L$2:L92) -> 91 | B92: PB15040030274 | C92: Đặng Hưng Thọ | D92: Ấp Tân Châu, Xã Châu Pha, Thành phố Hồ Chí Minh, Việt Nam | E92: B1D0491ZA | F92: 13K-02430 | G92: 7 | H92: 113778 | I92: 0923328328 | J92: T032022221100274605 | L92: Huỳnh Tấn Phát | M92: 1601196693 | N92: =IF(COUNTIF($B$2:B92,B92)=1,1,0) -> 1 | O92: PE1800 | P92: 1601196693 | Q92: PB15040030274 | R92: PB15040030274 | S92: Đặng Hưng Thọ | T92: Đặng Hưng Thọ | U92: Ấp Tân Châu, Xã Châu Pha, Thành phố Hồ Chí Minh, Việt Nam | V92: Ấp Tân Châu, Xã Châu Pha, Thành phố Hồ Chí Minh, Việt Nam | W92: 0 | X92: KHBT | Y92: 2026 | Z92: 7 | AA92: 1 | AB92: 105350 | AC92: 8428 | AD92: 0 | AE92: 0 | AF92: DT | AG92: 13 | AH92: B1D0491ZA | AI92: 13K | AJ92: 0 | AK92: 002430 | AL92: 0 | AM92: 0 | AN92: 0 | AO92: 0 | AP92: NH | AQ92: 0 | AR92: 0 | AS92: 02/08/26 | AT92: 1865632 | AU92: K26TDA | AV92: 0 | AW92: 32712 | AX92: 0923328328 | AY92: T032022221100274605 | AZ92: 1-7/2026 | BA92: 113778 | BB92: CON NO | BC92: =RIGHT(AK92,5) -> 02430 | BD92: =AI92&"-"&BC92 -> 13K-02430
A93: =SUBTOTAL(103,$L$2:L93) -> 92 | B93: PB15040033128 | C93: Lê Hữu Hạnh | D93: Ấp Tân Châu, Xã Châu Pha, Thành phố Hồ Chí Minh, Việt Nam | E93: B1D0491ZA | F93: 13K-02434 | G93: 7 | H93: 235829 | I93: 0343043211 | J93: T032022221100307506 | L93: Huỳnh Tấn Phát | M93: 1601196649 | N93: =IF(COUNTIF($B$2:B93,B93)=1,1,0) -> 1 | O93: PE1800 | P93: 1601196649 | Q93: PB15040033128 | R93: PB15040033128 | S93: Lê Hữu Hạnh | T93: Lê Hữu Hạnh | U93: Ấp Tân Châu, Xã Châu Pha, Thành phố Hồ Chí Minh, Việt Nam | V93: Ấp Tân Châu, Xã Châu Pha, Thành phố Hồ Chí Minh, Việt Nam | W93: 0 | X93: KHBT | Y93: 2026 | Z93: 7 | AA93: 1 | AB93: 218360 | AC93: 17469 | AD93: 0 | AE93: 0 | AF93: DT | AG93: 13 | AH93: B1D0491ZA | AI93: 13K | AJ93: 0 | AK93: 002434 | AL93: 0 | AM93: 0 | AN93: 0 | AO93: 0 | AP93: NH | AQ93: 0 | AR93: 0 | AS93: 02/08/26 | AT93: 1865634 | AU93: K26TDA | AV93: 0 | AW93: 32696 | AX93: 0343043211 | AY93: T032022221100307506 | AZ93: 1-7/2026 | BA93: 235829 | BB93: CON NO | BC93: =RIGHT(AK93,5) -> 02434 | BD93: =AI93&"-"&BC93 -> 13K-02434
A94: =SUBTOTAL(103,$L$2:L94) -> 93 | B94: PB15040077016 | C94: Lê Hữu Long | D94: Ấp Tân Châu, Xã Châu Pha, Thành phố Hồ Chí Minh, Việt Nam | E94: B1D0491ZA | F94: 13K-02441 | G94: 7 | H94: 675622 | I94: 0923328328 | J94: T032022221100142965 | L94: Huỳnh Tấn Phát | M94: 1601196618 | N94: =IF(COUNTIF($B$2:B94,B94)=1,1,0) -> 1 | O94: PE1800 | P94: 1601196618 | Q94: PB15040077016 | R94: PB15040077016 | S94: Lê Hữu Long | T94: Lê Hữu Long | U94: Ấp Tân Châu, Xã Châu Pha, Thành phố Hồ Chí Minh, Việt Nam | V94: Ấp Tân Châu, Xã Châu Pha, Thành phố Hồ Chí Minh, Việt Nam | W94: 0 | X94: KHBT | Y94: 2026 | Z94: 7 | AA94: 1 | AB94: 625576 | AC94: 50046 | AD94: 0 | AE94: 0 | AF94: DT | AG94: 13 | AH94: B1D0491ZA | AI94: 13K | AJ94: 0 | AK94: 002441 | AL94: 0 | AM94: 0 | AN94: 0 | AO94: 0 | AP94: NH | AQ94: 0 | AR94: 0 | AS94: 02/08/26 | AT94: 1865639 | AU94: K26TDA | AV94: 0 | AW94: 32685 | AX94: 0923328328 | AY94: T032022221100142965 | AZ94: 1-7/2026 | BA94: 675622 | BB94: CON NO | BC94: =RIGHT(AK94,5) -> 02441 | BD94: =AI94&"-"&BC94 -> 13K-02441
A95: =SUBTOTAL(103,$L$2:L95) -> 94 | B95: PB15040070183 | C95: Nguyễn Xuân Hòa | D95: Ấp Tân Ro, Xã Châu Pha, Thành phố Hồ Chí Minh | E95: B1D0492ZA | F95: 14K-00917 | G95: 7 | H95: 903582 | I95: 0933683886 | J95: T032022221100272241 | L95: Huỳnh Tấn Phát | M95: 1601196807 | N95: =IF(COUNTIF($B$2:B95,B95)=1,1,0) -> 1 | O95: PE1800 | P95: 1601196807 | Q95: PB15040070183 | R95: PB15040070183 | S95: Nguyễn Xuân Hòa | T95: Nguyễn Xuân Hòa | U95: Ấp Tân Ro, Xã Châu Pha, Thành phố Hồ Chí Minh | V95: Ấp Tân Ro, Xã Châu Pha, Thành phố Hồ Chí Minh | W95: 0 | X95: KHBT | Y95: 2026 | Z95: 7 | AA95: 1 | AB95: 836650 | AC95: 66932 | AD95: 0 | AE95: 0 | AF95: DT | AG95: 13 | AH95: B1D0492ZA | AI95: 14K | AJ95: 0 | AK95: 000917 | AL95: 0 | AM95: 0 | AN95: 0 | AO95: 0 | AP95: NH | AQ95: 0 | AR95: 0 | AS95: 02/08/26 | AT95: 1865718 | AU95: K26TDA | AV95: 0 | AW95: 32737 | AX95: 0933683886 | AY95: T032022221100272241 | AZ95: 1-7/2026 | BA95: 903582 | BB95: CON NO | BC95: =RIGHT(AK95,5) -> 00917 | BD95: =AI95&"-"&BC95 -> 14K-00917
A96: =SUBTOTAL(103,$L$2:L96) -> 95 | B96: PB15040069378 | C96: Nguyễn Thị Hồng | D96: Ấp Tân Ro, Xã Châu Pha, Thành phố Hồ Chí Minh | E96: B1D0492ZA | F96: 14K-01850 | G96: 7 | H96: 14999 | I96: 0865455687 | J96: T032022221100274883 | L96: Huỳnh Tấn Phát | M96: 1601196967 | N96: =IF(COUNTIF($B$2:B96,B96)=1,1,0) -> 1 | O96: PE1800 | P96: 1601196967 | Q96: PB15040069378 | R96: PB15040069378 | S96: Nguyễn Thị Hồng | T96: Nguyễn Thị Hồng | U96: Ấp Tân Ro, Xã Châu Pha, Thành phố Hồ Chí Minh | V96: Ấp Tân Ro, Xã Châu Pha, Thành phố Hồ Chí Minh | W96: 0 | X96: KHBT | Y96: 2026 | Z96: 7 | AA96: 1 | AB96: 13888 | AC96: 1111 | AD96: 0 | AE96: 0 | AF96: DT | AG96: 13 | AH96: B1D0492ZA | AI96: 14K | AJ96: 0 | AK96: 001850 | AL96: 0 | AM96: 0 | AN96: 0 | AO96: 0 | AP96: NH | AQ96: 0 | AR96: 0 | AS96: 02/08/26 | AT96: 1865731 | AU96: K26TDA | AV96: 0 | AW96: 32776 | AX96: 0865455687 | AY96: T032022221100274883 | AZ96: 1-7/2026 | BA96: 14999 | BB96: CON NO | BC96: =RIGHT(AK96,5) -> 01850 | BD96: =AI96&"-"&BC96 -> 14K-01850
A97: =SUBTOTAL(103,$L$2:L97) -> 96 | B97: PB15040047876 | C97: Trần Đức Trọng | D97: Ấp Tân Ro, Xã Châu Pha, Thành phố Hồ Chí Minh | E97: B1D0492ZA | F97: 14K-02555 | G97: 7 | H97: 546108 | I97: 0974410397 | J97: T032022221100274702 | L97: Huỳnh Tấn Phát | M97: 1601196773 | N97: =IF(COUNTIF($B$2:B97,B97)=1,1,0) -> 1 | O97: PE1800 | P97: 1601196773 | Q97: PB15040047876 | R97: PB15040047876 | S97: Trần Đức Trọng | T97: Trần Đức Trọng | U97: Ấp Tân Ro, Xã Châu Pha, Thành phố Hồ Chí Minh | V97: Ấp Tân Ro, Xã Châu Pha, Thành phố Hồ Chí Minh | W97: 0 | X97: KHBT | Y97: 2026 | Z97: 7 | AA97: 1 | AB97: 505656 | AC97: 40452 | AD97: 0 | AE97: 0 | AF97: DT | AG97: 13 | AH97: B1D0492ZA | AI97: 14K | AJ97: 0 | AK97: 002555 | AL97: 0 | AM97: 0 | AN97: 0 | AO97: 0 | AP97: NH | AQ97: 0 | AR97: 0 | AS97: 02/08/26 | AT97: 1865739 | AU97: K26TDA | AV97: 0 | AW97: 32726 | AX97: 0974410397 | AY97: T032022221100274702 | AZ97: 1-7/2026 | BA97: 546108 | BB97: CON NO | BC97: =RIGHT(AK97,5) -> 02555 | BD97: =AI97&"-"&BC97 -> 14K-02555
A98: =SUBTOTAL(103,$L$2:L98) -> 97 | B98: PB15040048794 | C98: Phạm Hải Yến | D98: Thửa 404, tờ 25, Thôn Đông Hải, Phường Tân Hải, Thành phố Hồ Chí Minh | E98: B1D0543ZA | F98: 14L-00710 | G98: 7 | H98: 6428 | I98: 0972104887 | J98: T042024241200430537 | L98: Nguyễn Ngọc Kỳ | M98: 1601202754 | N98: =IF(COUNTIF($B$2:B98,B98)=1,1,0) -> 1 | O98: PE1800 | P98: 1601202754 | Q98: PB15040048794 | R98: PB15040048794 | S98: Phạm Hải Yến | T98: Phạm Hải Yến | U98: Thửa 404, tờ 25, Thôn Đông Hải, Phường Tân Hải, Thành phố Hồ Chí Minh | V98: Thôn Đông Hải, Phường Tân Hải, Thành phố Hồ Chí Minh | W98: 0 | X98: KHBT | Y98: 2026 | Z98: 7 | AA98: 1 | AB98: 5952 | AC98: 476 | AD98: 0 | AE98: 0 | AF98: DT | AG98: 04 | AH98: B1D0543ZA | AI98: 14L | AJ98: 0 | AK98: 000710 | AL98: 0 | AM98: 0 | AN98: 0 | AO98: 0 | AP98: NH | AQ98: 0 | AR98: 0 | AS98: 02/08/26 | AT98: 1868825 | AU98: K26TDA | AV98: 0 | AW98: 34184 | AX98: 0972104887 | AY98: T042024241200430537 | AZ98: 1-7/2026 | BA98: 6428 | BB98: CON NO | BC98: =RIGHT(AK98,5) -> 00710 | BD98: =AI98&"-"&BC98 -> 14L-00710
A99: =SUBTOTAL(103,$L$2:L99) -> 98 | B99: PB15040076591 | C99: Trịnh Ngọc Khanh | D99: Ấp Suối Tre, Xã Châu Pha, Thành phố Hồ Chí Minh | E99: B1D0493ZA | F99: 15K-02260 | G99: 7 | H99: 2251606 | I99: 0865455687 | J99: M2A20212110003927 | L99: Huỳnh Tấn Phát | M99: 1601197082 | N99: =IF(COUNTIF($B$2:B99,B99)=1,1,0) -> 1 | O99: PE1800 | P99: 1601197082 | Q99: PB15040076591 | R99: PB15040076591 | S99: Trịnh Ngọc Khanh | T99: Trịnh Ngọc Khanh | U99: Ấp Suối Tre, Xã Châu Pha, Thành phố Hồ Chí Minh | V99: Ấp Suối Tre, Xã Châu Pha, Thành phố Hồ Chí Minh | W99: 0 | X99: KHBT | Y99: 2026 | Z99: 7 | AA99: 1 | AB99: 2084820 | AC99: 166786 | AD99: 0 | AE99: 0 | AF99: DT | AG99: 13 | AH99: B1D0493ZA | AI99: 15K | AJ99: 0 | AK99: 002260 | AL99: 0 | AM99: 0 | AN99: 0 | AO99: 0 | AP99: NH | AQ99: 0 | AR99: 0 | AS99: 02/08/26 | AT99: 1865778 | AU99: K26TDA | AV99: 0 | AW99: 32812 | AX99: 0865455687 | AY99: M2A20212110003927 | AZ99: 1-7/2026 | BA99: 2251606 | BB99: CON NO | BC99: =RIGHT(AK99,5) -> 02260 | BD99: =AI99&"-"&BC99 -> 15K-02260
A100: =SUBTOTAL(103,$L$2:L100) -> 99 | B100: PB15040061152 | C100: Lê Văn Trung | D100: Thôn Phước Hải, Phường Tân Hải, Thành phố Hồ Chí Minh, Việt Nam | E100: B1D0544ZA | F100: 15L-00805 | G100: 7 | H100: 1623823 | I100: 0989184301 | J100: T032022221100236558 | L100: Nguyễn Bá Lạp | M100: 1601203525 | N100: =IF(COUNTIF($B$2:B100,B100)=1,1,0) -> 1 | O100: PE1800 | P100: 1601203525 | Q100: PB15040061152 | R100: PB15040061152 | S100: Lê Văn Trung | T100: Lê Văn Trung | U100: Thôn Phước Hải, Phường Tân Hải, Thành phố Hồ Chí Minh, Việt Nam | V100: Thôn Phước Hải, Phường Tân Hải, Thành phố Hồ Chí Minh, Việt Nam | W100: 0 | X100: CNVC | Y100: 2026 | Z100: 7 | AA100: 1 | AB100: 1503540 | AC100: 120283 | AD100: 0 | AE100: 0 | AF100: DT | AG100: 04 | AH100: B1D0544ZA | AI100: 15L | AJ100: 0 | AK100: 000805 | AL100: 0 | AM100: 0 | AN100: 0 | AO100: 0 | AP100: NH | AQ100: 0 | AR100: 0 | AS100: 02/08/26 | AT100: 1868845 | AU100: K26TDA | AV100: 0 | AW100: 34364 | AX100: 0989184301 | AY100: T032022221100236558 | AZ100: 1-7/2026 | BA100: 1623823 | BB100: CON NO | BC100: =RIGHT(AK100,5) -> 00805 | BD100: =AI100&"-"&BC100 -> 15L-00805
A101: =SUBTOTAL(103,$L$2:L101) -> 100 | B101: PB15040020396 | C101: Trần Văn Quang | D101: Thôn Phước Hải, Phường Tân Hải, Thành phố Hồ Chí Minh, Việt Nam | E101: B1D0544ZA | F101: 15L-01150 | G101: 7 | H101: 377201 | I101: 0973454576 | J101: T032022221100124483 | L101: Nguyễn Bá Lạp | M101: 1601203428 | N101: =IF(COUNTIF($B$2:B101,B101)=1,1,0) -> 1 | O101: PE1800 | P101: 1601203428 | Q101: PB15040020396 | R101: PB15040020396 | S101: Trần Văn Quang | T101: Trần Văn Quang | U101: Thôn Phước Hải, Phường Tân Hải, Thành phố Hồ Chí Minh, Việt Nam | V101: Thôn Phước Hải, Phường Tân Hải, Thành phố Hồ Chí Minh, Việt Nam | W101: 0 | X101: KHBT | Y101: 2026 | Z101: 7 | AA101: 1 | AB101: 349260 | AC101: 27941 | AD101: 0 | AE101: 0 | AF101: DT | AG101: 04 | AH101: B1D0544ZA | AI101: 15L | AJ101: 0 | AK101: 001150 | AL101: 0 | AM101: 0 | AN101: 0 | AO101: 0 | AP101: NH | AQ101: 0 | AR101: 0 | AS101: 02/08/26 | AT101: 1868863 | AU101: K26TDA | AV101: 0 | AW101: 34345 | AX101: 0973454576 | AY101: T032022221100124483 | AZ101: 1-7/2026 | BA101: 377201 | BB101: CON NO | BC101: =RIGHT(AK101,5) -> 01150 | BD101: =AI101&"-"&BC101 -> 15L-01150
... A116: =SUBTOTAL(103,$L$2:L116) -> 115 | B116: PB15040023723 | C116: Nguyễn Thị Hoa | D116: KP Phước Sơn, Phường Tân Phước, Thành phố Hồ Chí Minh | E116: B1D0258ZA | F116: 18D-04534 | G116: 7 | H116: 1113426 | I116: 0937105192 | J116: T1020212110531076 | L116: Nguyễn Bá Lạp | M116: 1601182390 | N116: =IF(COUNTIF($B$2:B116,B116)=1,1,0) -> 1 | O116: PE1800 | P116: 1601182390 | Q116: PB15040023723 | R116: PB15040023723 | S116: Nguyễn Thị Hoa | T116: Nguyễn Thị Hoa | U116: KP Phước Sơn, Phường Tân Phước, Thành phố Hồ Chí Minh | V116: KP Phước Sơn, Phường Tân Phước, Thành phố Hồ Chí Minh | W116: 0 | X116: KHBT | Y116: 2026 | Z116: 7 | AA116: 1 | AB116: 1030950 | AC116: 82476 | AD116: 0 | AE116: 0 | AF116: DT | AG116: 05 | AH116: B1D0258ZA | AI116: 18D | AJ116: 0 | AK116: 004534 | AL116: 0 | AM116: 0 | AN116: 0 | AO116: 0 | AP116: NH | AQ116: 0 | AR116: 0 | AS116: 02/08/26 | AT116: 1848730 | AU116: K26TDA | AV116: 0 | AW116: 29426 | AX116: 0937105192 | AY116: T1020212110531076 | AZ116: 1-7/2026 | BA116: 1113426 | BB116: CON NO | BC116: =RIGHT(AK116,5) -> 04534 | BD116: =AI116&"-"&BC116 -> 18D-04534
A117: =SUBTOTAL(103,$L$2:L117) -> 116 | B117: PB15040046952 | C117: Trần Bình Trọng | D117: Ấp Tân Lễ B, Xã Châu Pha, Thành phố Hồ Chí Minh | E117: B1D0496ZA | F117: 18K-01385 | G117: 7 | H117: 246110 | I117: 0 | J117: T1020212110439307 | L117: Huỳnh Tấn Phát | M117: 1601235042 | N117: =IF(COUNTIF($B$2:B117,B117)=1,1,0) -> 1 | O117: PE1800 | P117: 1601235042 | Q117: PB15040046952 | R117: PB15040046952 | S117: Trần Bình Trọng | T117: Trần Bình Trọng | U117: Ấp Tân Lễ B, Xã Châu Pha, Thành phố Hồ Chí Minh | V117: Ấp Tân Lễ B, Xã Châu Pha, Thành phố Hồ Chí Minh | W117: 0 | X117: KHBT | Y117: 2026 | Z117: 7 | AA117: 1 | AB117: 227880 | AC117: 18230 | AD117: 0 | AE117: 0 | AF117: DT | AG117: 13 | AH117: B1D0496ZA | AI117: 18K | AJ117: 0 | AK117: 001385 | AL117: 0 | AM117: 0 | AN117: 0 | AO117: 0 | AP117: NH | AQ117: 0 | AR117: 0 | AS117: 02/08/26 | AT117: 1865981 | AU117: K26TDA | AV117: 0 | AW117: 41375 | AY117: T1020212110439307 | AZ117: 1-7/2026 | BA117: 246110 | BB117: CON NO | BC117: =RIGHT(AK117,5) -> 01385 | BD117: =AI117&"-"&BC117 -> 18K-01385
A118: =SUBTOTAL(103,$L$2:L118) -> 117 | B118: PB15040088151 | C118: HỘ KINH DOANH ĐIỆN CƠ TƯỞNG | D118: Thửa 306, tờ 25, Ấp Tân Long, Xã Châu Pha, Thành phố Phú Mỹ, Tỉnh Bà Rịa Vũng Tàu | E118: B1D0496ZA | F118: 18K-01472 | G118: 7 | H118: 289330 | I118: 0909365972 | J118: 47M202525405124 | L118: Huỳnh Tấn Phát | M118: 1601235132 | N118: =IF(COUNTIF($B$2:B118,B118)=1,1,0) -> 1 | O118: PE1800 | P118: 1601235132 | Q118: PB15040088151 | R118: PB15040088151 | S118: HỘ KINH DOANH ĐIỆN CƠ TƯỞNG | T118: HỘ KINH DOANH ĐIỆN CƠ TƯỞNG | U118: Thửa 306, tờ 25, Ấp Tân Long, Xã Châu Pha, Thành phố Phú Mỹ, Tỉnh Bà Rịa Vũng Tàu | V118: Ấp Tân Long, Xã Châu Pha, Thành phố Phú Mỹ, Tỉnh Bà Rịa Vũng Tàu | W118: 1 | X118: KHBT | Y118: 2026 | Z118: 7 | AA118: 1 | AB118: 267898 | AC118: 21432 | AD118: 0 | AE118: 0 | AF118: DT | AG118: 13 | AH118: B1D0496ZA | AI118: 18K | AJ118: 0 | AK118: 001472 | AL118: 0 | AM118: 0 | AN118: 0 | AO118: 0 | AP118: NH | AQ118: 0 | AR118: 0 | AS118: 02/08/26 | AT118: 1865988 | AU118: K26TDA | AV118: 0 | AW118: 41400 | AX118: 0909365972 | AY118: 47M202525405124 | AZ118: 1-7/2026 | BA118: 289330 | BB118: CON NO | BC118: =RIGHT(AK118,5) -> 01472 | BD118: =AI118&"-"&BC118 -> 18K-01472
A119: =SUBTOTAL(103,$L$2:L119) -> 118 | B119: PB15040028975 | C119: Nguyễn Văn Tới | D119: Ấp Tân Lễ B, Xã Châu Pha, Thành phố Hồ Chí Minh | E119: B1D0496ZA | F119: 18K-01810 | G119: 7 | H119: 1044684 | I119: 0865455687 | J119: T1020212110440685 | L119: Huỳnh Tấn Phát | M119: 1601235123 | N119: =IF(COUNTIF($B$2:B119,B119)=1,1,0) -> 1 | O119: PE1800 | P119: 1601235123 | Q119: PB15040028975 | R119: PB15040028975 | S119: Nguyễn Văn Tới | T119: Nguyễn Văn Tới | U119: Ấp Tân Lễ B, Xã Châu Pha, Thành phố Hồ Chí Minh | V119: Ấp Tân Lễ B, Xã Châu Pha, Thành phố Hồ Chí Minh | W119: 0 | X119: KHBT | Y119: 2026 | Z119: 7 | AA119: 1 | AB119: 967300 | AC119: 77384 | AD119: 0 | AE119: 0 | AF119: DT | AG119: 13 | AH119: B1D0496ZA | AI119: 18K | AJ119: 0 | AK119: 001810 | AL119: 0 | AM119: 0 | AN119: 0 | AO119: 0 | AP119: NH | AQ119: 0 | AR119: 0 | AS119: 02/08/26 | AT119: 1866000 | AU119: K26TDA | AV119: 0 | AW119: 41396 | AX119: 0865455687 | AY119: T1020212110440685 | AZ119: 1-7/2026 | BA119: 1044684 | BB119: CON NO | BC119: =RIGHT(AK119,5) -> 01810 | BD119: =AI119&"-"&BC119 -> 18K-01810
A120: =SUBTOTAL(103,$L$2:L120) -> 119 | B120: PB15040051291 | C120: Lê Bảo Ngọc | D120: Ấp Phước Tấn, Phường Tân Hải, Thành phố Hồ Chí Minh | E120: B1D0259ZA | F120: 19D-02022 | G120: 7 | H120: 282096 | I120: 0788815449 | J120: T032022221100133695 | L120: Nguyễn Bá Lạp | M120: 1601180616 | N120: =IF(COUNTIF($B$2:B120,B120)=1,1,0) -> 1 | O120: PE1800 | P120: 1601180616 | Q120: PB15040051291 | R120: PB15040051291 | S120: Lê Bảo Ngọc | T120: Lê Bảo Ngọc | U120: Ấp Phước Tấn, Phường Tân Hải, Thành phố Hồ Chí Minh | V120: Ấp Phước Tấn, Phường Tân Hải, Thành phố Hồ Chí Minh | W120: 0 | X120: CNVC | Y120: 2026 | Z120: 7 | AA120: 1 | AB120: 261200 | AC120: 20896 | AD120: 0 | AE120: 0 | AF120: DT | AG120: 03 | AH120: B1D0259ZA | AI120: 19D | AJ120: 0 | AK120: 002022 | AL120: 0 | AM120: 0 | AN120: 0 | AO120: 0 | AP120: NH | AQ120: 0 | AR120: 0 | AS120: 02/08/26 | AT120: 1848783 | AU120: K26TDA | AV120: 0 | AW120: 29026 | AX120: 0788815449 | AY120: T032022221100133695 | AZ120: 1-7/2026 | BA120: 282096 | BB120: CON NO | BC120: =RIGHT(AK120,5) -> 02022 | BD120: =AI120&"-"&BC120 -> 19D-02022
A121: =SUBTOTAL(103,$L$2:L121) -> 120 | B121: PB15040087993 | C121: Diệp Bảo Thắng | D121: Thửa 259, tờ 09, KP Phước Tấn, Phường Tân Hải, Thành phố Hồ Chí Minh | E121: B1D0259ZA | F121: 19D-02030 | G121: 7 | H121: 1717243 | I121: 0796799437 | J121: T032022221100156633 | L121: Nguyễn Bá Lạp | M121: 1601180727 | N121: =IF(COUNTIF($B$2:B121,B121)=1,1,0) -> 1 | O121: PE1800 | P121: 1601180727 | Q121: PB15040087993 | R121: PB15040087993 | S121: Diệp Bảo Thắng | T121: Diệp Bảo Thắng | U121: Thửa 259, tờ 09, KP Phước Tấn, Phường Tân Hải, Thành phố Hồ Chí Minh | V121: KP Phước Tấn, Phường Tân Hải, Thành phố Hồ Chí Minh | W121: 0 | X121: KHBT | Y121: 2026 | Z121: 7 | AA121: 1 | AB121: 1590040 | AC121: 127203 | AD121: 0 | AE121: 0 | AF121: DT | AG121: 03 | AH121: B1D0259ZA | AI121: 19D | AJ121: 0 | AK121: 002030 | AL121: 0 | AM121: 0 | AN121: 0 | AO121: 0 | AP121: NH | AQ121: 0 | AR121: 0 | AS121: 02/08/26 | AT121: 1848787 | AU121: K26TDA | AV121: 0 | AW121: 29053 | AX121: 0796799437 | AY121: T032022221100156633 | AZ121: 1-7/2026 | BA121: 1717243 | BB121: CON NO | BC121: =RIGHT(AK121,5) -> 02030 | BD121: =AI121&"-"&BC121 -> 19D-02030
A122: =SUBTOTAL(103,$L$2:L122) -> 121 | B122: PB15040063284 | C122: Nguyễn Văn Minh | D122: Ấp Phước Tấn, Phường Tân Hải, Thành phố Hồ Chí Minh | E122: B1D0259ZA | F122: 19D-02116 | G122: 7 | H122: 144774 | I122: 0707113072 | J122: T032022221100139662 | L122: Nguyễn Bá Lạp | M122: 1601180773 | N122: =IF(COUNTIF($B$2:B122,B122)=1,1,0) -> 1 | O122: PE1800 | P122: 1601180773 | Q122: PB15040063284 | R122: PB15040063284 | S122: Nguyễn Văn Minh | T122: Nguyễn Văn Minh | U122: Ấp Phước Tấn, Phường Tân Hải, Thành phố Hồ Chí Minh | V122: Ấp Phước Tấn, Phường Tân Hải, Thành phố Hồ Chí Minh | W122: 0 | X122: CNVC | Y122: 2026 | Z122: 7 | AA122: 1 | AB122: 134050 | AC122: 10724 | AD122: 0 | AE122: 0 | AF122: DT | AG122: 03 | AH122: B1D0259ZA | AI122: 19D | AJ122: 0 | AK122: 002116 | AL122: 0 | AM122: 0 | AN122: 0 | AO122: 0 | AP122: NH | AQ122: 0 | AR122: 0 | AS122: 02/08/26 | AT122: 1848801 | AU122: K26TDA | AV122: 0 | AW122: 29072 | AX122: 0707113072 | AY122: T032022221100139662 | AZ122: 1-7/2026 | BA122: 144774 | BB122: CON NO | BC122: =RIGHT(AK122,5) -> 02116 | BD122: =AI122&"-"&BC122 -> 19D-02116
...

Sheet Sheet2
A1: BẢNG TỔNG HỢP TỒN NỢ
B2: Nhóm | C2: 16h ngày 20/08/2026 | F2: 16h ngày 20/08/2026
A3: STT | C3: Hoá Đơn | D3: Khách Hàng | E3: Tiền Nợ | F3: Hoá Đơn | G3: Khách Hàng | H3: Tiền Nợ
A4: 1 | B4: Bùi Thanh Dũng | C4: =COUNTIFS(Sheet1!$L:$L,$B4,Sheet1!$F:$F,"<>") -> 185 | D4: =SUMIFS(Sheet1!$N$2:$N$39836,Sheet1!$L$2:$L$39836,$B4,Sheet1!$N$2:$N$39836,1) -> 181 | E4: =SUMIF(Sheet1!$L:$L,$B4,Sheet1!$H:$H) -> 252869193
A5: 2 | B5: Đào Sơn Hà | C5: =COUNTIFS(Sheet1!$L:$L,$B5,Sheet1!$F:$F,"<>") -> 112 | D5: =SUMIFS(Sheet1!$N$2:$N$39836,Sheet1!$L$2:$L$39836,$B5,Sheet1!$N$2:$N$39836,1) -> 112 | E5: =SUMIF(Sheet1!$L:$L,$B5,Sheet1!$H:$H) -> 110927376
A6: 3 | B6: Đỗ Hiếu Lễ | C6: =COUNTIFS(Sheet1!$L:$L,$B6,Sheet1!$F:$F,"<>") -> 233 | D6: =SUMIFS(Sheet1!$N$2:$N$39836,Sheet1!$L$2:$L$39836,$B6,Sheet1!$N$2:$N$39836,1) -> 231 | E6: =SUMIF(Sheet1!$L:$L,$B6,Sheet1!$H:$H) -> 159014290
A7: 4 | B7: Đỗ Thị Diễm Trang | C7: =COUNTIFS(Sheet1!$L:$L,$B7,Sheet1!$F:$F,"<>") -> 336 | D7: =SUMIFS(Sheet1!$N$2:$N$39836,Sheet1!$L$2:$L$39836,$B7,Sheet1!$N$2:$N$39836,1) -> 323 | E7: =SUMIF(Sheet1!$L:$L,$B7,Sheet1!$H:$H) -> 312100597
A8: 5 | B8: Huỳnh Tấn Phát | C8: =COUNTIFS(Sheet1!$L:$L,$B8,Sheet1!$F:$F,"<>") -> 451 | D8: =SUMIFS(Sheet1!$N$2:$N$39836,Sheet1!$L$2:$L$39836,$B8,Sheet1!$N$2:$N$39836,1) -> 440 | E8: =SUMIF(Sheet1!$L:$L,$B8,Sheet1!$H:$H) -> 286792762
A9: 6 | B9: Nguyễn Bá Lạp | C9: =COUNTIFS(Sheet1!$L:$L,$B9,Sheet1!$F:$F,"<>") -> 181 | D9: =SUMIFS(Sheet1!$N$2:$N$39836,Sheet1!$L$2:$L$39836,$B9,Sheet1!$N$2:$N$39836,1) -> 180 | E9: =SUMIF(Sheet1!$L:$L,$B9,Sheet1!$H:$H) -> 135152136
A10: 7 | B10: Nguyễn Ngọc Kỳ | C10: =COUNTIFS(Sheet1!$L:$L,$B10,Sheet1!$F:$F,"<>") -> 362 | D10: =SUMIFS(Sheet1!$N$2:$N$39836,Sheet1!$L$2:$L$39836,$B10,Sheet1!$N$2:$N$39836,1) -> 352 | E10: =SUMIF(Sheet1!$L:$L,$B10,Sheet1!$H:$H) -> 302447477
A11: 8 | B11: Phạm Trần thanh Tâm | C11: =COUNTIFS(Sheet1!$L:$L,$B11,Sheet1!$F:$F,"<>") -> 1004 | D11: =SUMIFS(Sheet1!$N$2:$N$39836,Sheet1!$L$2:$L$39836,$B11,Sheet1!$N$2:$N$39836,1) -> 551 | E11: =SUMIF(Sheet1!$L:$L,$B11,Sheet1!$H:$H) -> 2809476055

Sheet Sheet2 (2)
A1: BẢNG TỔNG HỢP TỒN NỢ
B2: Nhóm | C2: 16h ngày 20/08/2026 | F2: 16h ngày 20/08/2026 | I2: Khách Hàng đã thanh toán
A3: STT | C3: Hoá Đơn | D3: Khách Hàng | E3: Tiền Nợ | F3: Hoá Đơn | G3: Khách Hàng | H3: Tiền Nợ
A4: 1 | B4: Bùi Thanh Dũng | C4: =COUNTIFS(Sheet1!$L:$L,$B4,Sheet1!$F:$F,"<>") -> 185 | D4: =SUMIFS(Sheet1!$N$2:$N$39836,Sheet1!$L$2:$L$39836,$B4,Sheet1!$N$2:$N$39836,1) -> 181 | E4: =SUMIF(Sheet1!$L:$L,$B4,Sheet1!$H:$H) -> 252869193
A5: 2 | B5: Đào Sơn Hà | C5: =COUNTIFS(Sheet1!$L:$L,$B5,Sheet1!$F:$F,"<>") -> 112 | D5: =SUMIFS(Sheet1!$N$2:$N$39836,Sheet1!$L$2:$L$39836,$B5,Sheet1!$N$2:$N$39836,1) -> 112 | E5: =SUMIF(Sheet1!$L:$L,$B5,Sheet1!$H:$H) -> 110927376
A6: 3 | B6: Đỗ Hiếu Lễ | C6: =COUNTIFS(Sheet1!$L:$L,$B6,Sheet1!$F:$F,"<>") -> 233 | D6: =SUMIFS(Sheet1!$N$2:$N$39836,Sheet1!$L$2:$L$39836,$B6,Sheet1!$N$2:$N$39836,1) -> 231 | E6: =SUMIF(Sheet1!$L:$L,$B6,Sheet1!$H:$H) -> 159014290
A7: 4 | B7: Đỗ Thị Diễm Trang | C7: =COUNTIFS(Sheet1!$L:$L,$B7,Sheet1!$F:$F,"<>") -> 336 | D7: =SUMIFS(Sheet1!$N$2:$N$39836,Sheet1!$L$2:$L$39836,$B7,Sheet1!$N$2:$N$39836,1) -> 323 | E7: =SUMIF(Sheet1!$L:$L,$B7,Sheet1!$H:$H) -> 312100597
A8: 5 | B8: Huỳnh Tấn Phát | C8: =COUNTIFS(Sheet1!$L:$L,$B8,Sheet1!$F:$F,"<>") -> 451 | D8: =SUMIFS(Sheet1!$N$2:$N$39836,Sheet1!$L$2:$L$39836,$B8,Sheet1!$N$2:$N$39836,1) -> 440 | E8: =SUMIF(Sheet1!$L:$L,$B8,Sheet1!$H:$H) -> 286792762
A9: 6 | B9: Nguyễn Bá Lạp | C9: =COUNTIFS(Sheet1!$L:$L,$B9,Sheet1!$F:$F,"<>") -> 181 | D9: =SUMIFS(Sheet1!$N$2:$N$39836,Sheet1!$L$2:$L$39836,$B9,Sheet1!$N$2:$N$39836,1) -> 180 | E9: =SUMIF(Sheet1!$L:$L,$B9,Sheet1!$H:$H) -> 135152136
A10: 7 | B10: Nguyễn Ngọc Kỳ | C10: =COUNTIFS(Sheet1!$L:$L,$B10,Sheet1!$F:$F,"<>") -> 362 | D10: =SUMIFS(Sheet1!$N$2:$N$39836,Sheet1!$L$2:$L$39836,$B10,Sheet1!$N$2:$N$39836,1) -> 352 | E10: =SUMIF(Sheet1!$L:$L,$B10,Sheet1!$H:$H) -> 302447477
A11: 8 | B11: Phạm Trần thanh Tâm | C11: =COUNTIFS(Sheet1!$L:$L,$B11,Sheet1!$F:$F,"<>") -> 1004 | D11: =SUMIFS(Sheet1!$N$2:$N$39836,Sheet1!$L$2:$L$39836,$B11,Sheet1!$N$2:$N$39836,1) -> 551 | E11: =SUMIF(Sheet1!$L:$L,$B11,Sheet1!$H:$H) -> 2809476055
